AST,Age,BLK,DRB,FGA,FGM,FGP,FTA,FTM,FTP,Games,GamesStarted,MinutesPlayed,Name,ORB,PF,PTS,Pos,STL,TOV,TRB,Team,ThreePA,ThreePM,ThreePP,TwoPA,TwoPM,TwoPP,eFGP
2.4,26,1.1,6.0,7.6,4.5,.591,3.2,1.9,.590,58,58,27.0,Steven Adams,3.4,1.9,10.9,C,0.9,1.5,9.4,OKC,0.1,0.0,.333,7.6,4.5,.593,.593
5.1,22,1.3,8.0,11.1,6.3,.567,5.3,3.6,.690,65,65,34.4,Bam Adebayo,2.5,2.5,16.2,PF,1.2,2.8,10.5,MIA,0.2,0.0,.077,10.9,6.3,.576,.568
2.4,34,1.6,5.5,15.0,7.4,.493,3.6,3.0,.827,53,53,33.1,LaMarcus Aldridge,1.9,2.4,18.9,C,0.7,1.4,7.4,SAS,3.0,1.2,.389,12.0,6.2,.519,.532
1.8,21,0.2,1.8,5.5,1.9,.339,0.7,0.4,.607,41,0,12.2,Nickeil Alexander-Walker,0.2,1.1,5.1,SG,0.3,1.0,2.0,NOP,2.9,1.0,.342,2.7,0.9,.336,.427
1.4,24,0.0,2.0,5.9,2.6,.449,1.2,1.0,.857,30,0,16.6,Grayson Allen,0.2,1.2,7.4,SG,0.2,0.8,2.2,MEM,3.0,1.1,.363,2.8,1.5,.541,.543
1.3,21,1.3,6.4,6.5,4.2,.646,3.7,2.3,.620,64,58,25.7,Jarrett Allen,3.0,2.3,10.6,C,0.6,1.1,9.5,BRK,0.1,0.0,.000,6.4,4.2,.654,.646
2.1,27,0.2,0.7,4.4,1.9,.432,1.1,0.7,.636,10,0,11.7,Kadeem Allen,0.2,0.7,5.0,SG,0.5,0.8,0.9,NYK,1.6,0.5,.313,2.8,1.4,.500,.489
1.2,29,0.4,3.5,4.8,1.4,.291,1.6,1.1,.655,18,2,21.1,Al-Farouq Aminu,1.3,1.5,4.3,PF,1.0,0.9,4.8,ORL,2.0,0.5,.250,2.8,0.9,.320,.343
0.0,26,0.3,0.7,2.0,0.3,.167,0.7,0.3,.500,3,0,5.7,Justin Anderson,0.0,0.7,1.0,SF,0.0,0.0,0.7,BRK,1.0,0.0,.000,1.0,0.3,.333,.167
2.2,26,0.5,3.4,4.7,2.3,.493,1.1,0.7,.652,59,20,19.3,Kyle Anderson,0.9,1.4,5.7,PF,0.8,0.9,4.4,MEM,1.1,0.3,.258,3.7,2.1,.560,.521
1.0,31,0.0,3.5,3.5,1.0,.286,0.0,0.0,,2,0,7.0,Ryan Anderson,0.0,0.5,2.5,PF,0.5,0.5,3.5,HOU,2.5,0.5,.200,1.0,0.5,.500,.357
5.8,25,1.0,11.5,20.0,10.9,.547,10.0,6.3,.633,57,57,30.9,Giannis Antetokounmpo,2.3,3.0,29.6,PF,1.0,3.7,13.7,MIL,4.8,1.5,.306,15.2,9.5,.622,.583
0.3,22,0.0,0.3,0.0,0.0,,0.0,0.0,,3,0,1.7,Kostas Antetokounmpo,0.0,0.0,0.0,PF,0.0,0.0,0.3,LAL,0.0,0.0,,0.0,0.0,,
0.5,27,0.1,0.4,2.0,1.1,.528,0.8,0.4,.467,18,2,5.2,Thanasis Antetokounmpo,0.6,0.7,2.5,SF,0.3,0.6,1.1,MIL,0.4,0.0,.000,1.6,1.1,.655,.528
1.6,35,0.5,5.0,13.6,5.8,.426,2.7,2.3,.843,50,50,32.5,Carmelo Anthony,1.2,2.8,15.3,PF,0.8,1.7,6.3,POR,3.9,1.4,.371,9.7,4.3,.447,.479
1.6,22,0.7,4.2,8.4,4.2,.507,1.4,0.9,.686,63,62,30.1,OG Anunoby,1.2,2.5,10.7,SF,1.4,1.2,5.4,TOR,3.4,1.3,.381,5.0,2.9,.593,.584
1.7,25,0.1,1.6,3.8,1.6,.409,0.7,0.5,.711,58,4,16.0,Ryan Arcidiacono,0.3,1.7,4.5,PG,0.5,0.6,1.9,CHI,2.4,0.9,.391,1.4,0.6,.439,.532
1.7,34,0.3,4.0,6.1,2.7,.438,1.4,1.2,.838,53,21,28.2,Trevor Ariza,0.6,2.1,8.0,SF,1.3,1.1,4.6,,3.9,1.5,.372,2.2,1.2,.556,.557
4.6,32,0.0,1.9,8.1,3.2,.393,3.2,2.8,.885,49,6,24.8,D.J. Augustin,0.4,1.1,10.4,PG,0.6,1.4,2.2,ORL,3.6,1.2,.345,4.6,2.0,.430,.469
1.9,21,1.7,7.9,15.5,8.5,.548,2.6,2.0,.769,30,25,33.2,Deandre Ayton,4.1,3.2,19.0,C,0.7,2.4,12.0,PHO,0.1,0.0,.000,15.4,8.5,.552,.548
1.3,24,0.1,2.2,6.3,2.2,.348,1.4,0.9,.660,39,11,17.6,Dwayne Bacon,0.4,1.3,5.7,SG,0.6,0.9,2.6,CHO,1.7,0.5,.284,4.5,1.7,.373,.387
0.8,20,0.9,5.2,12.8,6.0,.467,2.4,1.9,.806,13,6,25.7,Marvin Bagley III,2.2,3.3,14.2,PF,0.5,1.4,7.5,SAC,1.7,0.3,.182,11.2,5.7,.510,.479
7.0,22,0.5,5.1,11.2,4.6,.412,1.2,0.7,.567,56,47,32.4,Lonzo Ball,1.1,2.0,12.4,PG,1.4,3.1,6.2,NOP,6.5,2.5,.383,4.7,2.1,.453,.523
0.7,21,1.4,3.4,4.7,2.2,.468,0.8,0.5,.674,60,0,14.5,Mo Bamba,1.6,1.9,5.5,C,0.4,0.7,5.0,ORL,1.7,0.6,.356,3.0,1.6,.534,.534
3.8,35,0.1,1.5,6.9,2.8,.413,0.7,0.7,.944,26,4,15.0,J.J. Barea,0.4,1.0,7.5,PG,0.2,1.3,1.8,DAL,2.9,1.1,.382,4.0,1.7,.437,.494
2.4,27,0.2,3.8,11.1,5.1,.459,3.8,3.1,.803,64,64,34.9,Harrison Barnes,1.0,1.3,14.7,PF,0.6,1.3,4.8,SAC,3.8,1.5,.383,7.3,3.6,.498,.524
2.6,19,0.3,4.1,13.0,5.2,.402,4.5,2.8,.614,56,55,30.4,RJ Barrett,0.9,2.2,14.3,SG,1.0,2.2,5.0,NYK,3.5,1.1,.320,9.5,4.1,.432,.445
3.7,29,0.5,5.0,12.7,5.7,.450,2.3,1.8,.767,58,58,33.0,Will Barton,1.3,2.1,15.1,SF,1.1,1.5,6.3,DEN,5.0,1.9,.375,7.8,3.9,.498,.523
0.8,24,0.5,2.3,5.3,2.3,.428,1.8,1.3,.710,39,0,17.1,Keita Bates-Diop,0.5,1.0,6.6,SF,0.4,0.4,2.9,,2.4,0.8,.330,2.9,1.5,.509,.502
3.0,31,0.4,3.4,3.7,1.3,.346,0.5,0.4,.900,22,3,23.0,Nicolas Batum,1.1,1.9,3.6,SF,0.8,1.0,4.5,CHO,2.2,0.6,.286,1.5,0.6,.438,.432
1.6,33,0.5,4.0,9.1,4.4,.480,1.8,1.3,.747,42,28,22.2,Aron Baynes,1.7,3.4,11.5,C,0.2,1.2,5.6,PHO,4.0,1.4,.351,5.1,3.0,.582,.558
1.3,30,0.6,4.0,7.7,2.9,.374,2.2,1.7,.768,64,21,25.1,Kent Bazemore,0.4,2.8,8.7,SF-SG,1.1,1.3,4.3,,3.6,1.2,.342,4.2,1.7,.401,.453
0.5,19,0.7,3.3,4.3,1.7,.383,0.9,0.6,.681,53,8,17.2,Darius Bazley,0.4,0.8,4.5,PF,0.4,0.8,3.7,OKC,1.9,0.6,.300,2.5,1.1,.446,.448
6.1,26,0.4,3.3,22.9,10.4,.455,8.0,6.8,.842,57,57,36.0,Bradley Beal,0.9,2.2,30.5,SG,1.2,3.4,4.2,WAS,8.4,3.0,.353,14.4,7.4,.515,.520
1.4,23,0.1,2.4,9.7,4.1,.425,1.2,1.0,.818,55,14,22.0,Malik Beasley,0.3,1.4,11.2,SG,0.7,1.0,2.7,,5.0,1.9,.388,4.7,2.2,.465,.525
1.2,33,0.0,1.7,5.2,2.0,.391,0.8,0.6,.780,52,0,15.0,Marco Belinelli,0.1,0.8,5.8,SG,0.2,0.3,1.7,SAS,3.0,1.1,.368,2.2,0.9,.422,.496
0.6,25,0.3,1.8,2.3,1.2,.522,1.1,0.7,.613,29,0,8.8,Jordan Bell,1.0,0.7,3.2,C-PF,0.1,0.7,2.8,,0.4,0.1,.333,1.9,1.1,.564,.552
1.9,25,0.4,2.7,5.3,2.4,.456,1.1,0.6,.542,43,4,21.3,DeAndre' Bembry,0.8,2.0,5.8,SG,1.3,1.4,3.5,ATL,1.5,0.3,.231,3.8,2.1,.546,.489
1.8,22,0.6,3.6,5.8,2.6,.446,0.9,0.6,.714,16,3,17.9,Dragan Bender,1.0,2.6,6.7,SF,0.3,1.3,4.6,,2.7,0.9,.349,3.1,1.6,.531,.527
1.7,27,0.6,3.9,11.3,4.9,.434,2.3,1.9,.852,54,4,29.3,Dāvis Bertāns,0.6,2.6,15.4,PF,0.7,1.1,4.5,WAS,8.7,3.7,.424,2.6,1.2,.471,.598
3.7,31,0.5,4.2,6.8,2.9,.428,0.9,0.6,.659,48,48,27.1,Patrick Beverley,1.2,3.1,7.9,PG,1.1,1.3,5.4,LAC,4.1,1.6,.379,2.6,1.3,.504,.543
0.9,27,0.5,2.8,2.9,1.4,.487,1.7,1.0,.612,40,24,19.4,Khem Birch,1.8,1.8,3.8,C,0.4,0.6,4.5,ORL,0.0,0.0,.000,2.9,1.4,.491,.487
0.4,20,0.7,1.5,2.6,1.2,.473,0.7,0.5,.727,49,2,8.4,Goga Bitadze,0.4,1.2,3.1,C,0.1,0.5,2.0,IND,0.7,0.1,.167,1.9,1.1,.591,.496
0.9,27,0.9,3.5,5.2,2.8,.543,2.8,1.7,.603,53,29,19.4,Bismack Biyombo,2.3,2.2,7.4,C,0.2,0.9,5.8,CHO,0.0,0.0,,5.2,2.8,.543,.543
2.8,31,0.5,4.8,9.4,4.5,.475,1.1,0.9,.822,64,61,28.5,Nemanja Bjelica,1.7,3.0,11.9,PF,0.8,1.4,6.4,SAC,4.6,2.0,.424,4.8,2.5,.524,.579
5.4,30,0.4,3.9,11.8,5.7,.482,3.4,2.8,.813,56,56,27.2,Eric Bledsoe,0.7,2.1,15.4,PG,0.9,2.5,4.6,MIL,3.6,1.3,.348,8.2,4.4,.540,.535
3.2,27,0.3,2.9,12.1,5.2,.433,2.0,1.4,.724,53,20,28.5,Bogdan Bogdanović,0.3,2.2,14.5,SG,1.0,1.7,3.2,SAC,7.2,2.6,.361,4.9,2.6,.541,.541
2.1,30,0.1,3.5,14.8,6.6,.447,4.4,4.0,.903,63,63,33.1,Bojan Bogdanović,0.6,1.7,20.2,SF,0.5,2.5,4.1,UTA,7.3,3.0,.414,7.6,3.6,.479,.548
0.0,24,0.3,0.9,1.6,0.6,.364,0.6,0.3,.500,7,0,6.7,Jonah Bolden,0.4,1.4,1.4,PF,0.4,0.3,1.3,,0.6,0.0,.000,1.0,0.6,.571,.364
0.0,21,0.0,2.0,0.0,0.0,,0.0,0.0,,1,0,3.0,Marques Bolden,0.0,1.0,0.0,C,1.0,0.0,2.0,CLE,0.0,0.0,,0.0,0.0,,
0.8,22,0.0,0.4,2.0,0.5,.250,0.0,0.0,,10,0,5.3,Jordan Bone,0.0,0.6,1.2,PG,0.1,0.2,0.4,DET,1.0,0.2,.200,1.0,0.3,.300,.300
1.1,20,0.4,2.1,3.2,1.7,.522,1.1,0.9,.813,58,41,17.7,Isaac Bonga,1.1,2.3,4.6,SF,0.6,0.7,3.2,WAS,0.9,0.4,.400,2.2,1.3,.574,.582
6.6,23,0.3,3.7,18.0,8.8,.487,7.1,6.5,.916,62,62,36.1,Devin Booker,0.4,3.0,26.1,SG,0.7,3.9,4.2,PHO,5.6,2.0,.360,12.4,6.7,.544,.543
0.4,27,1.0,2.7,4.7,2.2,.458,1.9,1.5,.796,55,0,13.2,Chris Boucher,1.7,1.9,6.3,PF,0.4,0.4,4.4,TOR,1.8,0.5,.283,2.9,1.7,.565,.512
0.0,21,0.2,1.2,1.8,0.4,.222,0.0,0.0,,5,1,5.8,Brian Bowen,0.2,0.4,0.8,SG,0.0,0.2,1.4,IND,0.4,0.0,.000,1.4,0.4,.286,.222
2.9,22,0.2,2.2,7.1,3.0,.417,0.9,0.8,.829,45,12,22.6,Ky Bowman,0.5,2.3,7.4,PG,1.0,1.6,2.7,GSW,2.4,0.7,.308,4.8,2.2,.472,.469
1.3,29,0.1,2.0,7.8,3.5,.444,0.5,0.4,.833,49,44,24.2,Avery Bradley,0.4,2.2,8.6,SG,0.9,1.0,2.3,LAL,3.5,1.3,.364,4.3,2.2,.510,.526
0.3,22,0.5,2.5,3.1,2.1,.665,0.8,0.5,.650,50,2,10.7,Tony Bradley,1.8,2.0,4.7,C,0.2,0.5,4.3,UTA,0.0,0.0,1.000,3.1,2.0,.662,.668
0.2,23,0.4,1.0,0.0,0.0,,0.0,0.0,,5,0,2.6,Jarrell Brantley,0.0,0.4,0.0,PF,0.0,0.4,1.0,UTA,0.0,0.0,,0.0,0.0,,
0.4,21,0.1,0.3,2.4,0.7,.273,0.6,0.4,.800,9,0,5.9,Ignas Brazdeikis,0.2,0.3,1.9,SF,0.0,0.2,0.6,NYK,1.0,0.1,.111,1.4,0.6,.385,.295
1.8,23,0.6,3.1,6.3,3.2,.516,1.6,1.4,.848,65,24,27.3,Mikal Bridges,0.9,2.2,8.7,SF,1.4,1.0,4.0,PHO,2.4,0.9,.352,3.8,2.4,.621,.585
1.8,21,0.7,4.2,11.6,4.9,.424,2.0,1.6,.809,65,64,30.7,Miles Bridges,1.4,2.0,13.0,SF,0.6,1.5,5.6,CHO,4.6,1.5,.330,7.0,3.4,.486,.489
0.4,21,0.1,0.9,1.9,0.7,.361,0.5,0.4,.800,19,0,7.1,Oshae Brissett,0.5,0.9,1.9,SF,0.2,0.4,1.4,TOR,0.8,0.2,.200,1.1,0.5,.476,.403
0.6,29,0.2,2.2,3.5,1.3,.373,0.5,0.4,.875,17,1,10.6,Ryan Broekhoff,0.3,0.9,4.2,SG,0.3,0.4,2.5,DAL,3.0,1.2,.392,0.5,0.1,.250,.542
7.1,27,0.2,3.9,13.7,6.0,.439,3.4,3.0,.895,48,48,30.7,Malcolm Brogdon,0.8,1.8,16.3,PG,0.7,2.4,4.7,IND,4.1,1.3,.313,9.7,4.8,.491,.485
2.0,24,0.4,2.3,14.2,5.7,.402,2.7,2.2,.809,65,65,28.5,Dillon Brooks,0.9,3.8,15.7,SG,0.9,1.7,3.3,MEM,5.5,2.0,.369,8.7,3.7,.423,.474
4.0,23,0.5,3.7,7.7,3.4,.443,2.1,1.5,.739,58,43,28.2,Bruce Brown,1.1,2.8,8.9,SG,1.1,1.7,4.7,DET,1.7,0.6,.344,6.1,2.8,.470,.480
0.2,22,0.2,0.2,1.9,0.6,.316,0.5,0.5,1.000,10,0,4.0,Charlie Brown,0.2,0.3,2.0,SG,0.2,0.3,0.4,ATL,0.9,0.3,.333,1.0,0.3,.300,.395
2.2,23,0.3,5.3,15.4,7.6,.490,4.3,3.2,.736,50,50,34.0,Jaylen Brown,1.1,3.0,20.4,SF,1.1,2.3,6.4,BOS,5.6,2.1,.381,9.8,5.4,.552,.559
0.1,20,0.1,1.2,1.1,0.4,.400,0.9,0.3,.375,9,0,3.7,Moses Brown,0.3,0.8,1.2,C,0.1,0.3,1.6,POR,0.0,0.0,,1.1,0.4,.400,.400
1.0,24,0.2,3.0,4.8,1.8,.367,0.8,0.6,.771,45,1,14.8,Sterling Brown,0.6,1.0,5.0,SF,0.5,0.8,3.7,MIL,2.5,0.8,.316,2.3,1.0,.423,.450
2.3,20,0.1,4.3,8.3,3.8,.453,1.9,1.4,.754,61,14,24.9,Troy Brown Jr.,1.0,1.8,9.7,SG,1.2,1.1,5.3,WAS,2.4,0.8,.345,5.9,2.9,.496,.502
3.3,23,0.1,2.0,6.8,3.2,.466,1.3,1.1,.813,57,16,17.9,Jalen Brunson,0.4,1.3,8.2,PG,0.4,1.2,2.4,DAL,2.1,0.8,.358,4.7,2.4,.515,.522
1.9,22,0.9,4.9,8.1,4.8,.599,2.5,1.8,.737,38,28,23.7,Thomas Bryant,2.0,2.2,12.1,C,0.4,1.3,6.8,WAS,1.4,0.6,.407,6.7,4.3,.640,.635
1.4,28,0.1,1.9,7.7,3.1,.402,0.7,0.6,.810,29,19,23.6,Reggie Bullock,0.4,1.9,8.1,SG,0.9,0.7,2.3,NYK,3.8,1.3,.333,3.9,1.8,.469,.484
2.1,27,0.0,0.8,5.1,2.4,.465,0.7,0.5,.722,25,0,13.2,Trey Burke,0.6,0.8,5.9,PG,0.3,0.5,1.4,PHI,1.5,0.6,.421,3.6,1.7,.483,.528
2.9,28,0.3,3.7,11.9,4.8,.404,4.3,3.8,.896,59,18,27.3,Alec Burks,0.7,2.0,15.1,SG,1.0,1.4,4.4,,4.6,1.7,.366,7.3,3.1,.428,.475
0.3,26,0.3,1.2,3.1,1.1,.371,0.4,0.2,.500,34,0,8.4,Deonte Burton,0.2,0.8,2.8,SG,0.1,0.4,1.4,OKC,1.4,0.3,.217,1.7,0.9,.492,.419
6.1,30,0.5,4.8,13.4,6.1,.454,9.1,7.6,.833,54,54,34.3,Jimmy Butler,1.8,1.4,20.2,SF,1.7,2.2,6.6,MIA,2.2,0.5,.248,11.2,5.5,.494,.474
0.4,24,0.6,1.1,2.9,1.2,.416,0.2,0.1,.800,27,0,8.1,Bruno Caboclo,0.8,0.9,2.7,SF,0.4,0.3,2.0,,1.0,0.1,.143,1.8,1.0,.571,.442
1.7,26,0.2,1.5,7.4,3.5,.472,1.5,1.2,.779,63,20,25.4,Kentavious Caldwell-Pope,0.6,1.9,9.5,SG,0.8,0.9,2.1,LAL,3.5,1.4,.394,3.9,2.1,.543,.565
0.2,22,0.1,0.4,1.1,0.4,.400,0.3,0.3,1.000,14,0,3.2,Vlatko Čančar,0.4,0.5,1.2,SF,0.1,0.2,0.7,DEN,0.4,0.1,.167,0.6,0.4,.556,.433
1.2,25,1.8,9.5,9.9,6.3,.629,2.7,1.4,.529,39,39,32.8,Clint Capela,4.3,2.6,13.9,C,0.8,1.6,13.8,HOU,0.0,0.0,,9.9,6.3,.629,.629
0.9,33,0.2,1.7,2.6,1.0,.389,1.7,1.1,.667,21,0,11.0,DeMarre Carroll,0.5,1.3,3.5,SF,0.2,0.8,2.2,,1.3,0.3,.259,1.3,0.7,.519,.454
1.3,24,0.3,1.5,4.1,1.6,.400,0.5,0.4,.840,50,2,15.1,Jevon Carter,0.5,1.5,4.6,PG,0.8,0.6,2.0,PHO,2.3,0.9,.393,1.8,0.7,.409,.512
0.8,43,0.4,1.8,5.1,1.8,.352,0.5,0.4,.793,60,0,14.6,Vince Carter,0.3,1.5,5.0,SF,0.4,0.6,2.1,ATL,3.4,1.0,.302,1.7,0.8,.451,.452
1.2,20,0.8,6.2,8.0,4.3,.534,3.5,2.6,.737,43,43,29.2,Wendell Carter Jr.,3.2,3.8,11.3,C,0.8,1.7,9.4,CHI,0.7,0.1,.207,7.3,4.1,.564,.542
2.4,28,0.5,2.3,5.8,2.5,.434,2.1,1.7,.828,42,0,18.4,Michael Carter-Williams,1.0,1.9,7.2,SG,1.1,1.1,3.3,ORL,1.6,0.5,.294,4.1,2.0,.489,.475
1.8,25,0.3,1.7,4.5,1.9,.423,1.3,1.0,.763,58,1,17.8,Alex Caruso,0.2,1.5,5.4,PG,1.0,0.8,1.9,LAL,1.8,0.7,.355,2.6,1.2,.471,.496
1.3,26,1.1,4.3,5.6,3.2,.579,1.2,0.7,.606,54,39,20.3,Willie Cauley-Stein,1.6,2.2,7.2,C,0.9,0.7,5.8,,0.0,0.0,.000,5.6,3.2,.581,.579
0.2,37,0.3,1.6,0.7,0.5,.778,0.5,0.2,.462,26,5,8.4,Tyson Chandler,1.0,1.2,1.3,C,0.2,0.3,2.5,HOU,0.0,0.0,,0.7,0.5,.778,.778
1.1,32,0.3,3.8,5.2,2.1,.404,0.7,0.6,.870,35,3,21.0,Wilson Chandler,0.3,2.3,5.9,SF,0.5,1.0,4.1,BRK,3.5,1.1,.306,1.8,1.1,.597,.505
0.3,24,0.0,0.0,1.8,0.0,.000,0.5,0.5,1.000,4,0,8.3,Joe Chealey,0.0,0.5,0.5,PG,1.0,0.5,0.0,CHO,1.0,0.0,.000,0.8,0.0,.000,.000
0.7,24,0.3,1.7,1.7,0.7,.400,0.0,0.0,,3,0,10.3,Zylan Cheatham,0.3,1.7,1.3,SF,0.0,1.0,2.0,NOP,0.3,0.0,.000,1.3,0.7,.500,.400
2.3,24,0.1,1.4,3.8,1.5,.405,0.1,0.1,1.000,21,0,11.9,Chris Chiozza,0.3,1.1,4.0,PG,0.7,0.8,1.7,,2.0,0.9,.439,1.8,0.7,.368,.519
1.9,22,1.1,4.3,6.5,3.6,.545,2.6,2.0,.769,59,21,20.3,Marquese Chriss,1.9,2.1,9.3,PF,0.7,1.3,6.2,GSW,0.7,0.1,.205,5.9,3.4,.584,.556
0.4,25,0.4,1.7,2.9,1.1,.376,0.3,0.2,.889,35,1,12.1,Gary Clark,0.8,0.9,3.2,PF,0.1,0.1,2.4,,2.5,0.8,.326,0.4,0.3,.667,.515
1.4,23,0.8,4.3,8.2,5.1,.623,1.9,1.5,.785,50,3,21.7,Brandon Clarke,1.6,1.6,12.0,PF,0.5,0.9,5.8,MEM,1.0,0.4,.404,7.1,4.7,.654,.648
2.0,27,0.2,1.9,12.0,5.6,.465,2.3,1.9,.841,63,0,24.2,Jordan Clarkson,0.7,1.5,15.1,SG,0.7,1.3,2.7,,5.6,2.1,.368,6.3,3.5,.550,.551
1.1,20,0.5,1.7,3.2,1.8,.563,1.4,0.7,.524,15,0,12.5,Nicolas Claxton,1.3,0.9,4.4,PF,0.1,0.6,2.9,BRK,0.5,0.1,.143,2.7,1.7,.634,.573
0.8,22,0.2,0.7,4.3,1.8,.405,0.2,0.2,.857,29,0,8.7,Chris Clemons,0.1,0.7,4.9,SG,0.2,0.6,0.8,HOU,3.2,1.1,.351,1.1,0.6,.563,.536
0.0,25,0.2,0.5,1.0,0.3,.333,0.3,0.2,.500,6,0,3.7,Antonius Cleveland,0.0,0.3,0.8,SG,0.2,0.2,0.5,DAL,0.2,0.0,.000,0.8,0.3,.400,.333
0.7,22,0.1,0.8,2.5,1.0,.394,0.2,0.1,.333,13,0,7.5,Amir Coffey,0.3,0.9,2.2,SG,0.1,0.2,1.1,LAC,0.5,0.1,.143,2.0,0.9,.462,.409
1.5,22,1.6,7.3,14.8,8.6,.583,3.7,2.9,.800,41,41,33.2,John Collins,2.8,3.4,21.6,PF,0.8,1.8,10.1,ATL,3.6,1.4,.401,11.2,7.2,.642,.632
2.0,22,0.7,2.7,6.3,3.0,.474,2.0,2.0,1.000,3,3,28.7,Zach Collins,1.3,3.7,9.0,PF,0.0,2.0,4.0,POR,2.3,1.0,.429,4.0,2.0,.500,.553
4.3,32,0.1,2.6,11.9,4.8,.405,2.9,2.3,.795,41,35,28.6,Mike Conley,0.7,2.2,13.8,PG,0.8,1.9,3.2,UTA,5.2,2.0,.376,6.7,2.9,.429,.488
1.6,27,0.5,3.3,4.3,2.0,.456,0.6,0.4,.750,61,1,18.3,Pat Connaughton,0.9,1.0,5.1,SG,0.3,0.8,4.2,MIL,2.2,0.7,.321,2.0,1.2,.605,.540
1.1,26,0.0,0.9,4.6,2.0,.439,0.2,0.2,.667,38,0,10.8,Quinn Cook,0.2,0.6,4.8,PG,0.3,0.7,1.1,LAL,1.7,0.7,.379,2.8,1.3,.477,.512
0.1,22,0.0,0.5,0.9,0.6,.700,0.5,0.5,.833,11,0,3.2,Tyler Cook,0.4,0.4,1.7,PF,0.1,0.1,0.9,CLE,0.0,0.0,,0.9,0.6,.700,.700
1.2,29,1.3,5.5,10.5,4.5,.432,1.7,1.4,.796,62,60,30.1,Robert Covington,0.9,3.2,12.8,PF,1.5,1.5,6.4,,6.8,2.4,.349,3.6,2.1,.589,.546
0.9,27,0.1,1.8,4.8,1.7,.356,0.4,0.3,.714,37,1,17.6,Allen Crabbe,0.3,1.3,4.6,SG,0.4,0.5,2.1,,3.2,1.0,.303,1.6,0.7,.466,.458
0.7,29,0.6,2.2,4.2,1.9,.462,0.6,0.4,.645,50,19,17.4,Torrey Craig,1.0,2.2,5.0,SF,0.4,0.4,3.1,DEN,2.2,0.7,.330,2.0,1.2,.606,.548
2.6,29,0.4,5.3,8.8,3.4,.384,2.1,1.6,.785,58,46,29.2,Jae Crowder,0.8,2.2,10.4,SF,1.2,1.1,6.1,,6.1,1.9,.318,2.7,1.4,.532,.494
1.7,20,0.6,2.3,9.0,3.7,.404,1.9,0.9,.462,63,35,23.9,Jarrett Culver,1.1,2.0,9.2,SG,0.9,1.3,3.4,MIN,3.5,1.0,.299,5.5,2.6,.471,.462
2.0,29,0.1,1.9,9.0,4.5,.500,1.5,1.3,.841,59,20,24.5,Seth Curry,0.4,1.7,12.6,SG,0.6,1.0,2.4,DAL,5.1,2.3,.453,3.9,2.2,.560,.628
6.6,31,0.4,4.4,16.4,6.6,.402,5.2,5.2,1.000,5,5,27.8,Stephen Curry,0.8,2.2,20.8,PG,1.0,3.2,5.2,GSW,9.8,2.4,.245,6.6,4.2,.636,.476
0.3,28,0.1,0.8,3.8,1.5,.390,0.4,0.2,.625,42,0,10.9,Troy Daniels,0.3,0.7,4.1,SG,0.2,0.2,1.1,,2.7,1.0,.354,1.1,0.5,.478,.516
3.1,26,2.4,7.1,18.1,9.2,.511,8.3,7.0,.845,55,55,34.3,Anthony Davis,2.3,2.5,26.7,PF,1.5,2.5,9.4,LAL,3.5,1.2,.335,14.5,8.1,.554,.544
0.3,30,0.4,2.6,1.4,0.6,.412,0.4,0.2,.455,25,0,10.7,Ed Davis,1.2,2.2,1.3,C,0.4,0.5,3.8,UTA,0.0,0.0,,1.4,0.6,.412,.412
1.7,22,0.2,2.7,6.1,2.8,.463,0.8,0.7,.865,64,2,17.0,Terence Davis,0.7,1.6,7.7,SG,0.5,1.0,3.4,TOR,3.5,1.4,.396,2.6,1.5,.550,.575
0.5,30,0.9,4.3,5.8,2.3,.400,0.8,0.7,.833,44,18,17.6,Dewayne Dedmon,1.4,3.0,5.8,C,0.6,1.3,5.7,,2.4,0.5,.206,3.4,1.8,.541,.443
3.2,29,0.0,1.0,3.1,1.1,.354,0.6,0.6,.865,57,4,14.4,Matthew Dellavedova,0.3,1.4,3.1,PG,0.4,1.0,1.3,CLE,1.6,0.4,.231,1.5,0.7,.488,.414
5.6,30,0.2,5.0,15.7,8.2,.526,6.6,5.5,.843,61,61,34.3,DeMar DeRozan,0.6,2.7,22.2,SF,1.0,2.4,5.6,SAS,0.5,0.1,.267,15.2,8.1,.535,.530
0.5,23,0.3,2.3,3.1,2.0,.650,0.8,0.7,.865,44,2,10.6,Cheick Diallo,0.6,1.2,4.8,C,0.2,0.7,2.9,PHO,0.0,0.0,.500,3.1,2.0,.652,.653
0.6,21,0.2,2.4,5.8,2.6,.452,1.2,0.7,.622,38,3,18.4,Hamidou Diallo,0.8,2.2,6.1,SF,0.7,1.0,3.2,OKC,0.9,0.2,.200,4.8,2.4,.500,.468
1.2,30,1.0,4.3,5.9,2.7,.461,1.4,1.1,.735,58,17,17.4,Gorgui Dieng,1.5,1.9,7.4,C,0.8,0.9,5.8,,2.4,0.9,.359,3.5,1.8,.532,.535
6.8,26,0.3,3.0,16.0,6.6,.415,7.0,5.4,.778,64,49,31.2,Spencer Dinwiddie,0.5,2.8,20.6,SG,0.6,2.7,3.5,BRK,6.3,1.9,.308,9.7,4.7,.485,.476
2.3,23,0.3,3.9,7.7,3.5,.462,1.3,1.0,.769,59,22,23.1,Donte DiVincenzo,1.0,1.6,9.4,SG,1.4,1.2,4.9,MIL,3.7,1.3,.344,3.9,2.3,.576,.546
8.7,20,0.2,8.0,20.6,9.5,.461,9.1,6.8,.752,54,54,33.3,Luka Dončić,1.3,2.5,28.7,PG,1.1,4.2,9.3,DAL,9.1,2.9,.318,11.5,6.6,.574,.531
0.7,20,0.1,1.3,5.4,2.2,.414,1.2,1.0,.778,29,21,22.0,Luguentz Dort,0.5,2.7,6.2,SG,0.8,0.5,1.9,OKC,2.5,0.8,.301,2.9,1.5,.512,.484
1.2,25,0.1,1.7,6.0,2.5,.414,0.7,0.5,.667,48,0,17.4,Damyean Dotson,0.2,0.9,6.7,SG,0.5,0.4,1.9,NYK,3.4,1.2,.362,2.6,1.3,.480,.516
0.5,19,0.2,2.6,6.2,2.4,.390,1.2,0.8,.674,38,19,19.8,Sekou Doumbouya,0.5,2.1,6.4,SF,0.5,0.9,3.1,DET,2.6,0.7,.286,3.6,1.7,.464,.449
1.4,23,0.2,1.2,4.3,1.7,.396,0.5,0.3,.636,21,0,11.1,PJ Dozier,0.2,1.3,4.1,PG,0.3,0.5,1.4,DEN,1.3,0.3,.250,3.0,1.4,.460,.434
5.1,33,0.1,2.6,12.3,5.4,.437,4.1,3.1,.769,54,1,28.4,Goran Dragić,0.5,1.9,16.1,PG,0.6,2.5,3.1,MIA,5.8,2.2,.377,6.5,3.2,.491,.526
2.7,26,1.6,10.8,13.8,7.3,.533,5.2,3.0,.575,57,56,33.0,Andre Drummond,4.4,3.5,17.7,C,1.9,3.6,15.2,,0.6,0.1,.143,13.1,7.2,.551,.536
0.5,34,0.1,1.0,1.3,0.5,.400,0.1,0.1,1.000,40,1,7.8,Jared Dudley,0.1,0.9,1.5,SF,0.3,0.2,1.1,LAL,0.9,0.4,.471,0.4,0.1,.250,.560
3.4,25,0.3,3.2,6.7,3.0,.444,1.1,0.8,.741,51,32,24.9,Kris Dunn,0.5,3.1,7.3,PG,2.0,1.3,3.6,CHI,2.2,0.6,.259,4.5,2.4,.535,.487
0.6,21,0.1,1.1,3.2,1.1,.327,0.4,0.3,.846,35,0,9.0,Carsen Edwards,0.2,0.9,3.0,SG,0.3,0.4,1.2,BOS,1.9,0.6,.309,1.3,0.5,.356,.420
0.2,23,0.0,0.8,1.4,0.2,.143,0.0,0.0,,5,0,3.0,Henry Ellenson,0.4,0.2,0.4,PF,0.0,0.0,1.2,BRK,0.8,0.0,.000,0.6,0.2,.333,.143
1.2,32,0.1,1.7,4.8,1.7,.351,0.4,0.3,.846,36,1,15.5,Wayne Ellington,0.1,1.1,5.1,SG,0.4,0.5,1.8,NYK,4.0,1.4,.350,0.9,0.3,.355,.494
3.1,25,1.3,9.0,15.9,7.5,.474,8.7,7.1,.814,44,44,30.2,Joel Embiid,2.8,3.4,23.4,C,0.9,3.1,11.8,PHI,3.7,1.3,.348,12.3,6.3,.511,.514
0.9,29,0.3,2.3,4.8,2.1,.435,1.3,1.0,.808,61,10,17.3,James Ennis,1.0,1.8,6.0,SF,0.5,0.7,3.3,,2.3,0.8,.338,2.5,1.3,.523,.515
0.4,22,0.4,1.9,2.0,1.5,.750,0.8,0.6,.727,14,3,9.3,Drew Eubanks,0.6,1.5,3.6,PF,0.1,0.7,2.5,SAS,0.1,0.1,1.000,1.9,1.4,.741,.768
1.1,22,0.4,1.1,4.6,1.6,.336,1.0,0.9,.862,29,1,14.4,Jacob Evans,0.3,1.4,4.4,SG,0.4,0.9,1.4,,1.3,0.4,.333,3.3,1.1,.337,.384
1.1,24,0.2,1.6,3.4,1.6,.471,1.2,0.9,.744,35,1,13.9,Dante Exum,0.3,1.1,4.5,SG,0.4,0.9,1.9,,1.2,0.4,.349,2.2,1.2,.539,.534
0.0,24,0.3,1.8,2.0,1.5,.750,0.5,0.2,.333,6,0,4.0,Tacko Fall,0.0,0.8,3.2,C,0.0,0.5,1.8,BOS,0.0,0.0,,2.0,1.5,.750,.750
1.7,28,1.0,6.6,6.8,4.2,.620,1.4,0.8,.581,45,43,24.2,Derrick Favors,3.3,2.2,9.2,C,0.6,1.1,9.9,NOP,0.2,0.0,.143,6.6,4.2,.631,.621
0.7,27,0.1,2.1,2.5,1.5,.630,1.0,0.8,.783,22,0,17.5,Cristiano Felício,2.5,1.5,3.9,PF,0.5,0.8,4.6,CHI,0.1,0.0,.000,2.4,1.5,.654,.630
0.9,21,0.3,1.0,4.0,1.5,.372,0.4,0.3,.789,50,37,23.4,Terrance Ferguson,0.5,2.9,4.2,SF,0.5,0.6,1.5,OKC,3.1,0.9,.297,0.9,0.6,.636,.487
0.9,21,0.3,2.3,3.6,1.8,.518,0.9,0.5,.569,56,13,12.7,Bruno Fernando,1.2,1.9,4.3,C,0.3,0.8,3.5,ATL,0.7,0.1,.135,2.9,1.8,.605,.530
1.3,26,0.1,1.0,3.8,1.5,.396,0.8,0.7,.865,44,0,11.0,Yogi Ferrell,0.1,0.7,4.2,PG,0.3,0.6,1.1,SAC,1.6,0.4,.275,2.3,1.1,.480,.453
1.5,26,0.6,3.5,7.1,3.3,.468,1.5,1.1,.722,64,61,29.7,Dorian Finney-Smith,2.0,2.4,9.3,PF,0.7,1.0,5.5,DAL,4.1,1.5,.374,3.0,1.8,.599,.577
1.7,26,0.0,1.8,9.2,3.8,.417,1.4,1.2,.833,63,62,25.1,Bryn Forbes,0.2,1.8,11.2,SG,0.5,0.9,2.0,SAS,6.0,2.3,.388,3.2,1.5,.470,.544
3.2,27,0.2,2.3,14.2,6.7,.470,3.4,2.8,.820,61,61,31.7,Evan Fournier,0.3,2.4,18.8,SG,1.1,2.0,2.6,ORL,6.7,2.7,.406,7.6,4.0,.525,.564
6.8,22,0.5,3.4,15.4,7.3,.475,6.8,4.8,.703,45,43,31.7,De'Aaron Fox,0.7,2.9,20.4,PG,1.4,3.1,4.0,SAC,3.4,1.0,.307,12.0,6.3,.523,.509
0.1,23,0.1,0.2,1.1,0.4,.353,0.3,0.1,.500,15,0,3.4,Melvin Frazier,0.1,0.5,1.2,SG,0.3,0.2,0.3,ORL,0.5,0.3,.571,0.7,0.1,.200,.471
0.1,25,0.0,0.3,1.4,0.5,.364,0.8,0.5,.667,8,0,8.3,Michael Frazier,0.1,1.6,1.8,SG,0.3,0.3,0.4,HOU,1.0,0.3,.250,0.4,0.3,.667,.455
3.4,29,0.1,0.9,3.5,1.3,.362,0.9,0.7,.792,27,11,13.1,Tim Frazier,0.3,1.6,3.6,PG,0.5,1.3,1.2,DET,1.1,0.4,.333,2.4,0.9,.375,.415
5.2,21,0.2,2.8,10.6,5.0,.473,2.2,1.6,.723,64,59,28.3,Markelle Fultz,0.5,2.0,12.1,PG,1.3,2.0,3.3,ORL,1.8,0.5,.254,8.7,4.5,.520,.496
0.3,22,0.2,1.0,1.6,0.7,.435,0.7,0.5,.700,28,1,7.5,Wenyen Gabriel,0.6,1.3,2.1,PF,0.4,0.6,1.6,,0.7,0.2,.300,0.9,0.5,.538,.500
0.5,21,1.3,1.3,3.1,2.2,.701,1.4,0.7,.533,43,7,14.2,Daniel Gafford,1.2,2.3,5.1,C,0.3,0.7,2.5,CHI,0.0,0.0,,3.1,2.2,.701,.701
2.1,31,0.1,4.9,13.6,6.0,.439,4.8,4.3,.886,55,55,30.7,Danilo Gallinari,0.6,1.2,19.2,PF,0.7,1.3,5.5,OKC,7.3,3.0,.409,6.3,3.0,.474,.549
1.5,28,0.2,1.8,8.2,3.6,.435,1.3,1.1,.859,66,6,25.8,Langston Galloway,0.5,1.5,10.3,SG,0.7,0.6,2.3,DET,5.0,2.0,.399,3.2,1.6,.493,.557
3.9,20,0.1,1.4,11.8,4.7,.401,1.2,1.1,.875,59,59,30.9,Darius Garland,0.5,1.6,12.3,PG,0.7,2.6,1.9,CLE,5.0,1.8,.355,6.8,3.0,.434,.476
3.4,35,0.9,5.5,6.6,2.8,.419,1.0,0.7,.722,36,35,27.5,Marc Gasol,0.8,2.8,7.6,C,0.8,1.2,6.3,TOR,3.5,1.4,.402,3.0,1.3,.440,.528
1.7,33,0.5,4.4,8.4,3.7,.442,1.9,1.7,.876,60,5,21.5,Rudy Gay,0.9,1.5,10.0,PF,0.4,1.3,5.4,SAS,3.1,1.0,.314,5.3,2.7,.517,.500
3.9,29,0.5,5.2,16.0,6.9,.432,4.5,3.9,.882,42,42,29.1,Paul George,0.5,2.4,21.0,SF,1.3,2.7,5.7,LAC,7.9,3.2,.399,8.1,3.8,.463,.530
0.8,34,0.5,2.5,4.6,2.7,.584,0.9,0.7,.732,62,56,16.5,Taj Gibson,1.8,2.0,6.1,C,0.4,0.8,4.3,NYK,0.2,0.1,.286,4.4,2.6,.599,.591
1.3,21,0.4,3.3,5.4,3.1,.560,1.1,0.9,.767,38,17,15.2,Harry Giles,0.9,2.6,7.0,PF,0.6,0.9,4.2,SAC,0.0,0.0,,5.4,3.1,.560,.560
3.3,21,0.7,5.4,14.8,7.0,.473,5.0,4.0,.801,63,63,35.1,Shai Gilgeous-Alexander,0.7,1.7,19.3,SG,1.1,1.9,6.1,OKC,3.5,1.2,.351,11.3,5.8,.511,.514
1.5,27,2.0,10.3,8.2,5.7,.698,5.9,3.7,.621,62,62,34.5,Rudy Gobert,3.4,3.2,15.1,C,0.8,1.9,13.7,UTA,0.0,0.0,,8.2,5.7,.698,.698
1.5,24,0.1,1.8,5.6,2.2,.400,0.9,0.8,.933,34,1,12.6,Brandon Goodwin,0.3,1.3,6.1,PG,0.4,0.9,2.1,ATL,2.6,0.8,.299,3.0,1.5,.485,.468
3.7,24,0.6,5.8,12.5,5.4,.433,3.5,2.4,.675,58,58,33.0,Aaron Gordon,1.8,2.0,14.4,PF,0.9,1.6,7.6,ORL,3.9,1.2,.301,8.6,4.2,.492,.479
1.5,31,0.4,1.7,12.9,4.8,.370,3.0,2.3,.757,34,13,28.6,Eric Gordon,0.2,2.0,14.5,SG,0.6,1.1,1.9,HOU,8.5,2.7,.319,4.4,2.1,.467,.475
7.5,24,0.2,2.7,15.3,5.8,.382,3.7,3.0,.820,63,53,35.1,Devonte' Graham,0.7,1.8,18.2,PG,1.0,2.9,3.4,CHO,9.3,3.5,.373,6.0,2.4,.397,.495
0.8,26,0.1,1.8,4.4,1.6,.360,1.0,0.7,.643,55,20,16.9,Treveon Graham,0.9,1.9,4.4,SG,0.4,0.5,2.7,,2.2,0.6,.275,2.2,1.0,.443,.428
1.2,25,0.8,2.7,8.7,4.1,.471,2.7,2.0,.744,64,22,26.2,Jerami Grant,0.8,2.2,11.6,PF,0.7,0.9,3.5,DEN,3.4,1.4,.400,5.3,2.7,.518,.550
1.0,26,0.0,0.5,1.0,0.5,.500,0.0,0.0,,2,0,11.5,Josh Gray,0.5,0.5,1.0,PG,0.0,2.5,1.0,NOP,0.0,0.0,,1.0,0.5,.500,.500
1.4,32,0.5,2.7,7.0,2.9,.419,0.7,0.5,.727,61,61,25.1,Danny Green,0.7,2.1,8.2,SG,1.2,0.9,3.4,LAL,4.9,1.9,.378,2.1,1.1,.516,.552
6.2,29,0.8,5.7,7.3,2.9,.389,1.9,1.5,.759,43,43,28.4,Draymond Green,0.5,2.6,8.0,PF,1.4,2.3,6.2,GSW,3.0,0.8,.279,4.3,2.0,.465,.446
0.8,29,0.4,5.0,5.5,2.3,.414,0.8,0.6,.727,55,0,20.5,JaMychal Green,1.4,2.7,6.5,PF,0.5,0.8,6.3,LAC,3.7,1.3,.363,1.8,0.9,.520,.536
0.5,26,0.2,1.4,2.2,1.1,.500,0.8,0.5,.639,44,1,9.4,Javonte Green,0.4,0.8,2.9,SF,0.5,0.4,1.8,BOS,0.5,0.1,.261,1.7,1.0,.573,.531
0.8,33,0.4,2.3,6.5,2.9,.444,1.8,1.4,.781,40,2,18.9,Jeff Green,0.6,1.6,8.4,PF,0.5,0.9,2.8,,3.5,1.2,.348,3.1,1.7,.553,.536
3.3,30,0.4,3.7,13.9,4.9,.352,5.4,4.2,.776,18,18,28.4,Blake Griffin,0.9,1.5,15.5,PF,0.4,2.2,4.7,DET,6.2,1.5,.243,7.7,3.4,.439,.406
1.1,24,0.2,1.4,3.7,1.5,.396,0.6,0.5,.920,42,0,11.3,Marko Guduric,0.3,0.8,4.0,SG,0.3,0.9,1.7,MEM,1.9,0.6,.309,1.7,0.9,.493,.477
0.0,22,0.0,0.0,1.0,0.5,.500,0.0,0.0,,2,0,2.0,Kyle Guy,0.0,0.0,1.0,SG,0.0,0.0,0.0,SAC,0.5,0.0,.000,0.5,0.5,1.000,.500
1.7,21,0.2,4.5,11.1,5.3,.478,2.7,2.2,.829,41,41,29.7,Rui Hachimura,1.5,2.2,13.4,PF,0.8,1.0,6.0,WAS,1.8,0.5,.274,9.3,4.8,.517,.500
0.6,24,0.0,0.2,1.0,0.2,.200,0.8,0.6,.750,5,0,4.0,Devon Hall,0.0,0.2,1.0,SG,0.0,0.2,0.2,OKC,0.4,0.0,.000,0.6,0.2,.333,.200
0.5,22,0.3,2.3,1.0,0.3,.250,1.5,1.0,.667,4,0,12.0,Donta Hall,1.5,2.3,1.5,PF,0.3,0.5,3.8,DET,0.0,0.0,,1.0,0.3,.250,.250
0.0,26,0.0,0.5,4.5,2.0,.444,1.0,1.0,1.000,2,0,6.5,Dusty Hannahs,0.0,0.5,6.0,SG,0.0,0.0,0.5,MEM,1.5,1.0,.667,3.0,1.0,.333,.556
2.0,27,0.1,2.8,12.6,5.5,.437,2.4,1.9,.801,63,50,28.8,Tim Hardaway Jr.,0.4,1.7,15.8,SG,0.6,1.0,3.1,DAL,7.2,2.9,.407,5.3,2.6,.478,.554
7.4,30,0.9,5.3,22.7,9.9,.435,11.8,10.1,.861,61,61,36.7,James Harden,1.0,3.4,34.4,SG,1.7,4.5,6.4,HOU,12.6,4.4,.352,10.1,5.4,.538,.533
1.1,26,0.5,3.0,4.6,2.3,.502,1.1,0.6,.591,62,48,23.0,Maurice Harkless,0.9,2.4,5.8,SF,0.9,0.9,3.9,,1.6,0.5,.347,3.0,1.7,.584,.562
0.0,22,0.0,0.0,1.3,0.3,.250,0.0,0.0,,3,0,2.7,Jared Harper,0.0,0.0,0.7,PG,0.0,0.0,0.0,PHO,0.7,0.0,.000,0.7,0.3,.500,.250
1.7,26,1.1,4.5,12.9,7.5,.580,5.6,3.7,.658,63,2,27.8,Montrezl Harrell,2.6,2.3,18.6,C,0.6,1.7,7.1,LAC,0.3,0.0,.000,12.6,7.5,.593,.580
2.1,25,0.3,2.4,9.3,3.9,.420,1.6,1.3,.815,56,55,31.8,Gary Harris,0.5,2.1,10.4,SG,1.4,1.1,2.9,DEN,3.8,1.3,.333,5.5,2.6,.479,.487
2.1,28,0.3,3.4,11.2,5.3,.471,1.3,1.0,.747,63,63,30.9,Joe Harris,1.0,2.2,13.9,SF,0.6,1.5,4.3,BRK,5.9,2.4,.412,5.3,2.9,.536,.579
3.2,27,0.5,5.9,16.1,7.6,.472,2.9,2.4,.806,65,65,34.5,Tobias Harris,0.8,2.3,19.4,PF,0.8,1.5,6.8,PHI,5.0,1.8,.362,11.1,5.8,.521,.528
1.1,26,0.4,1.5,3.8,1.8,.467,1.2,0.9,.780,43,10,11.3,Shaquille Harrison,0.5,1.3,4.9,SF,0.8,0.4,2.0,CHI,1.0,0.4,.381,2.9,1.4,.496,.515
1.6,24,0.4,5.5,8.4,3.5,.416,1.6,1.2,.747,57,14,27.4,Josh Hart,0.9,2.5,10.2,SF,1.0,1.1,6.5,NOP,5.7,1.9,.342,2.7,1.6,.571,.531
0.8,21,0.5,2.7,2.9,1.9,.657,1.2,0.8,.679,23,2,11.6,Isaiah Hartenstein,1.3,1.8,4.7,C,0.4,0.7,3.9,HOU,0.2,0.0,.000,2.7,1.9,.710,.657
0.3,39,0.0,2.7,2.0,0.3,.167,1.3,1.0,.750,3,0,7.0,Udonis Haslem,0.0,1.0,1.7,PF,0.0,0.0,2.7,MIA,0.7,0.0,.000,1.3,0.3,.250,.167
0.9,19,0.9,2.5,4.2,2.8,.660,3.1,1.9,.630,56,12,17.0,Jaxson Hayes,1.5,2.5,7.5,C,0.4,0.7,4.0,NOP,0.1,0.0,.250,4.1,2.8,.667,.662
4.1,29,0.4,5.5,13.5,6.8,.502,2.5,2.1,.847,45,45,33.4,Gordon Hayward,1.0,1.8,17.3,SF,0.8,1.8,6.5,BOS,4.2,1.6,.392,9.3,5.1,.553,.563
1.4,29,1.1,2.9,4.3,2.4,.556,1.2,0.6,.500,40,8,15.0,John Henson,1.2,2.0,5.5,PF,0.6,0.9,4.1,,0.9,0.2,.222,3.4,2.2,.644,.579
0.0,23,0.0,1.3,1.3,0.3,.200,0.5,0.5,1.000,4,0,2.8,Dewan Hernandez,0.5,1.5,1.0,C,0.3,0.3,1.8,TOR,0.3,0.0,.000,1.0,0.3,.250,.200
0.8,24,0.2,3.2,5.1,2.1,.405,1.5,0.9,.620,48,14,17.4,Juan Hernangómez,0.9,1.3,6.0,PF,0.4,0.7,4.1,,2.7,0.9,.341,2.5,1.2,.475,.494
0.9,25,0.2,2.9,4.5,2.4,.532,1.9,1.2,.627,31,0,12.1,Willy Hernangómez,1.4,1.0,6.1,C,0.3,1.0,4.3,CHO,0.7,0.2,.227,3.8,2.2,.590,.550
1.9,20,0.1,3.7,11.3,4.7,.414,1.7,1.4,.835,47,6,27.2,Tyler Herro,0.3,1.3,12.9,SG,0.6,1.5,4.0,MIA,5.4,2.1,.391,5.9,2.6,.434,.507
0.1,23,0.0,0.3,1.6,0.1,.091,0.0,0.0,,7,0,2.7,Kevin Hervey,0.0,0.1,0.3,PF,0.0,0.0,0.3,OKC,1.1,0.0,.000,0.4,0.1,.333,.091
0.9,24,0.2,2.9,4.0,1.7,.429,1.1,0.9,.824,47,4,16.3,Mario Hezonja,0.6,2.0,4.8,PF,0.6,0.8,3.4,POR,1.4,0.4,.328,2.7,1.3,.480,.484
3.1,27,0.3,3.9,16.6,7.1,.429,2.0,1.8,.855,64,44,32.0,Buddy Hield,0.9,2.3,19.8,SG,0.9,2.3,4.8,SAC,9.7,3.8,.395,6.9,3.3,.477,.544
2.9,33,0.1,2.1,6.5,3.4,.530,1.6,1.3,.831,52,0,21.2,George Hill,0.9,1.4,9.6,PG,0.8,0.9,3.0,MIL,2.9,1.4,.480,3.5,2.0,.571,.638
1.8,28,0.2,2.4,4.6,1.9,.403,0.8,0.6,.714,54,4,18.4,Solomon Hill,0.5,1.4,5.4,SF,0.7,0.9,2.9,,2.9,1.1,.378,1.7,0.8,.446,.522
0.3,20,0.0,1.4,2.5,1.2,.469,1.0,0.6,.615,13,0,7.9,Jaylen Hoard,1.1,0.9,2.9,SF,0.4,0.3,2.5,POR,0.2,0.0,.000,2.2,1.2,.517,.469
3.3,23,0.2,1.9,8.6,3.5,.407,1.2,1.1,.861,58,26,23.6,Aaron Holiday,0.4,1.8,9.4,PG,0.8,1.3,2.3,IND,3.5,1.4,.394,5.1,2.1,.416,.488
6.9,29,0.8,3.6,16.9,7.7,.452,3.1,2.2,.700,55,55,34.9,Jrue Holiday,1.3,2.3,19.6,SG,1.7,2.9,4.9,NOP,5.9,2.1,.357,11.1,5.6,.502,.514
1.3,30,0.6,2.7,6.6,2.9,.440,0.9,0.7,.780,65,2,24.9,Justin Holiday,0.5,1.8,8.4,SG,1.2,0.6,3.2,IND,4.4,1.9,.424,2.2,1.0,.472,.581
1.7,25,0.4,2.9,5.7,2.7,.471,2.5,1.8,.736,52,5,19.2,Rondae Hollis-Jefferson,2.0,2.0,7.2,SF,0.8,0.9,4.9,TOR,0.3,0.0,.118,5.3,2.6,.493,.475
1.0,26,1.4,5.3,8.2,5.4,.654,2.6,2.1,.800,39,33,28.8,Richaun Holmes,3.0,3.9,12.8,C,1.0,1.3,8.3,SAC,0.0,0.0,,8.2,5.4,.654,.654
1.5,27,0.2,3.0,8.2,4.1,.506,1.3,1.0,.778,21,21,29.5,Rodney Hood,0.5,2.2,11.0,SF,0.8,0.9,3.4,POR,3.4,1.7,.493,4.8,2.5,.515,.608
4.1,33,0.9,5.3,10.9,4.8,.442,1.2,0.9,.753,60,57,30.8,Al Horford,1.5,2.1,12.0,C,0.9,1.1,6.9,PHI,4.4,1.5,.337,6.5,3.3,.513,.510
1.0,19,0.0,0.0,0.5,0.0,.000,0.0,0.0,,2,0,2.5,Talen Horton-Tucker,0.0,0.0,0.0,SG,0.5,0.0,0.0,LAL,0.5,0.0,.000,0.0,0.0,,.000
1.3,26,0.6,3.3,8.3,3.6,.427,1.5,1.2,.800,58,47,30.0,Danuel House,1.0,2.1,10.2,SF,1.1,0.8,4.2,HOU,5.4,1.9,.363,2.9,1.6,.544,.545
0.7,34,1.2,4.9,4.1,3.0,.732,2.9,1.4,.494,62,2,19.2,Dwight Howard,2.5,3.2,7.5,C,0.4,1.2,7.4,LAL,0.1,0.0,.600,4.1,3.0,.734,.737
0.5,26,0.0,1.0,2.0,0.0,.000,0.0,0.0,,2,0,6.5,William Howard,0.0,0.5,0.0,SG,0.0,0.5,1.0,HOU,2.0,0.0,.000,0.0,0.0,,.000
3.8,21,0.5,3.4,10.9,4.5,.413,1.1,0.9,.828,56,48,31.4,Kevin Huerter,0.6,2.5,12.2,SG,0.9,1.6,4.1,ATL,6.0,2.3,.380,4.9,2.2,.453,.517
1.8,22,0.3,3.8,10.8,4.4,.410,2.3,1.7,.764,63,62,32.0,De'Andre Hunter,0.7,2.9,12.3,SF,0.7,1.6,4.5,ATL,4.8,1.7,.355,6.0,2.7,.454,.489
0.9,23,0.3,3.2,6.3,2.9,.457,2.8,1.6,.590,28,10,18.8,Chandler Hutchison,0.6,1.7,7.8,SF,1.0,1.0,3.9,CHI,1.4,0.4,.316,4.9,2.4,.496,.491
1.5,30,0.8,6.2,12.5,6.5,.518,2.4,1.8,.748,50,27,27.5,Serge Ibaka,2.1,2.8,16.0,C,0.5,2.0,8.3,TOR,3.3,1.3,.398,9.1,5.1,.562,.571
2.0,36,1.1,3.1,3.6,1.8,.490,0.6,0.1,.250,14,0,18.5,Andre Iguodala,0.7,2.0,4.4,SG,0.6,1.2,3.8,MIA,1.7,0.6,.375,1.9,1.1,.593,.578
0.8,32,0.3,3.9,5.2,2.4,.472,1.3,1.1,.827,56,8,16.0,Ersan İlyasova,1.1,1.6,6.8,PF,0.4,0.6,4.9,MIL,2.2,0.8,.371,3.0,1.6,.548,.552
5.2,32,0.1,3.6,7.7,3.4,.441,1.3,1.0,.774,64,37,29.9,Joe Ingles,0.4,2.1,9.8,SF,0.9,1.9,4.0,UTA,4.8,1.9,.397,2.9,1.5,.516,.566
4.3,22,0.7,5.4,18.0,8.4,.466,5.9,5.1,.858,56,56,34.3,Brandon Ingram,0.9,2.9,24.3,PF,1.0,3.1,6.3,NOP,6.3,2.4,.387,11.6,5.9,.509,.534
6.4,27,0.5,4.1,20.8,10.0,.478,5.1,4.7,.922,20,20,32.9,Kyrie Irving,1.1,2.7,27.4,PG,1.4,2.6,5.2,BRK,7.1,2.8,.394,13.7,7.2,.522,.546
1.4,22,2.4,5.2,10.1,4.7,.463,2.3,1.8,.767,32,32,29.7,Jonathan Isaac,1.8,2.5,12.0,SF,1.6,1.5,6.9,ORL,2.8,0.9,.330,7.2,3.7,.515,.509
1.0,25,0.2,2.0,4.3,1.7,.397,1.7,1.4,.816,45,18,18.0,Wesley Iwundu,0.5,1.4,5.3,SF,0.6,0.4,2.5,ORL,1.5,0.5,.313,2.8,1.2,.441,.451
0.8,21,0.1,1.0,5.0,1.9,.385,1.3,0.9,.750,51,1,12.9,Frank Jackson,0.4,1.3,5.6,PG,0.3,0.8,1.4,NOP,2.4,0.8,.325,2.7,1.2,.438,.461
1.4,20,1.6,3.7,13.0,6.1,.468,3.1,2.3,.741,54,54,28.0,Jaren Jackson Jr.,1.0,4.1,16.9,C,0.7,1.7,4.7,MEM,6.3,2.5,.397,6.7,3.6,.535,.564
1.7,22,0.5,2.6,8.6,3.8,.439,2.4,1.6,.659,18,0,19.8,Josh Jackson,0.6,2.2,10.4,SG,1.0,1.4,3.2,MEM,4.0,1.3,.319,4.6,2.5,.542,.513
0.8,24,0.2,2.0,5.4,2.1,.399,0.8,0.6,.818,58,2,16.0,Justin Jackson,0.5,1.0,5.7,PF,0.2,0.2,2.4,DAL,2.6,0.8,.298,2.8,1.4,.494,.471
4.4,29,0.2,2.3,11.2,4.7,.416,1.9,1.5,.814,23,11,24.2,Reggie Jackson,0.7,1.7,12.8,PG,0.4,1.7,2.9,,4.9,2.0,.398,6.3,2.7,.431,.504
0.5,23,0.3,0.7,2.3,1.0,.423,0.6,0.3,.476,34,0,6.4,Justin James,0.2,0.5,2.5,SG,0.2,0.2,0.9,SAC,0.8,0.3,.346,1.5,0.7,.462,.481
10.6,35,0.5,6.9,19.6,9.8,.498,5.7,4.0,.697,60,60,34.9,LeBron James,1.0,1.8,25.7,PG,1.2,4.0,7.9,LAL,6.4,2.2,.349,13.3,7.6,.570,.555
0.2,26,0.2,0.7,0.8,0.3,.357,0.8,0.3,.357,18,0,4.1,Amile Jefferson,0.6,0.4,0.8,PF,0.1,0.2,1.3,ORL,0.0,0.0,,0.8,0.3,.357,.357
0.2,22,0.0,0.0,1.2,0.5,.429,0.0,0.0,,6,0,3.2,DaQuan Jeffries,0.2,0.5,1.2,SG,0.2,0.0,0.2,SAC,0.7,0.2,.250,0.5,0.3,.667,.500
1.5,22,0.1,1.3,3.8,1.3,.349,0.5,0.4,.786,28,0,11.3,Ty Jerome,0.2,1.0,3.5,PG,0.5,0.6,1.5,PHO,1.7,0.5,.277,2.1,0.9,.407,.410
0.2,23,0.0,0.8,1.2,0.5,.467,0.5,0.3,.667,13,0,4.2,Alize Johnson,0.5,0.5,1.4,SF,0.0,0.2,1.4,IND,0.0,0.0,,1.2,0.5,.467,.467
0.3,24,0.0,0.6,2.3,0.6,.278,0.3,0.3,1.000,8,0,5.8,B.J. Johnson,0.1,0.0,1.6,SF,0.3,0.4,0.8,ORL,0.8,0.1,.167,1.5,0.5,.333,.306
1.1,23,0.3,2.1,6.6,2.8,.418,0.9,0.7,.761,49,1,20.3,Cameron Johnson,0.8,1.5,8.1,PF,0.6,0.6,2.9,PHO,4.7,1.9,.397,2.0,0.9,.469,.558
2.3,32,1.0,2.9,6.7,3.2,.479,1.5,1.0,.646,32,1,19.3,James Johnson,0.8,2.5,8.4,PF,0.8,1.5,3.7,,2.8,1.0,.363,3.9,2.2,.565,.556
0.7,20,0.1,1.3,3.4,1.8,.516,1.1,0.8,.700,9,0,10.2,Keldon Johnson,0.6,1.0,4.6,SF,0.6,0.3,1.9,SAS,0.6,0.2,.400,2.9,1.6,.538,.548
0.4,23,0.1,1.0,1.6,0.4,.258,0.3,0.3,.833,20,0,4.8,Stanley Johnson,0.2,0.5,1.2,PF,0.2,0.4,1.1,TOR,0.7,0.1,.154,0.9,0.3,.333,.290
1.6,27,0.3,1.4,5.5,2.1,.380,1.0,0.8,.750,31,3,16.6,Tyler Johnson,0.3,1.4,5.7,SG,0.4,0.8,1.7,PHO,2.7,0.8,.289,2.8,1.3,.466,.450
6.9,24,0.7,7.8,14.9,7.9,.528,4.1,3.4,.813,65,65,32.3,Nikola Jokić,2.4,3.1,20.2,C,1.2,3.1,10.2,DEN,3.5,1.1,.314,11.4,6.8,.594,.565
0.6,24,0.7,2.4,3.2,2.2,.680,1.5,1.1,.738,55,27,16.1,Damian Jones,1.3,2.7,5.6,C,0.5,0.5,3.7,ATL,0.2,0.0,.222,3.1,2.2,.704,.685
1.1,22,0.7,3.1,6.3,3.3,.514,2.2,1.7,.779,51,15,24.5,Derrick Jones Jr.,1.1,2.2,8.9,SF,1.1,0.5,4.2,MIA,2.5,0.7,.270,3.9,2.6,.670,.567
4.4,23,0.1,1.4,6.6,3.0,.459,0.9,0.7,.741,65,6,19.0,Tyus Jones,0.1,0.7,7.4,PG,0.9,0.8,1.6,MEM,1.9,0.7,.379,4.7,2.3,.492,.514
1.9,31,0.9,7.5,5.1,3.4,.666,2.2,1.5,.680,56,6,22.0,DeAndre Jordan,2.5,2.0,8.3,C,0.3,1.3,10.0,BRK,0.0,0.0,,5.1,3.4,.666,.666
3.4,28,0.3,2.0,5.8,2.4,.420,0.9,0.8,.828,64,22,24.0,Cory Joseph,0.6,1.9,6.3,PG,0.7,1.0,2.5,SAC,2.1,0.7,.351,3.7,1.7,.460,.484
0.2,22,0.2,0.8,2.7,1.2,.438,0.4,0.4,1.000,12,0,5.3,Mfiondu Kabengele,0.1,0.8,3.5,C,0.2,0.2,0.9,LAC,1.7,0.8,.450,1.0,0.4,.417,.578
2.2,26,0.3,4.0,8.7,4.0,.455,2.8,1.8,.670,32,13,22.4,Frank Kaminsky,0.9,2.2,11.0,C,0.4,1.0,4.9,PHO,3.5,1.2,.348,5.2,2.8,.527,.525
1.0,27,0.7,5.0,6.1,3.5,.566,1.7,1.2,.708,51,6,17.5,Enes Kanter,2.8,1.7,8.2,C,0.4,1.0,7.7,BOS,0.1,0.0,.143,6.0,3.4,.576,.568
4.1,23,0.2,3.2,12.2,5.4,.442,2.7,2.4,.893,28,25,32.9,Luke Kennard,0.3,2.3,15.8,SG,0.4,1.5,3.5,DET,6.5,2.6,.399,5.7,2.8,.491,.548
0.3,27,0.0,0.8,0.8,0.0,.000,0.0,0.0,,4,0,3.8,Stanton Kidd,0.0,0.8,0.0,SF,0.0,0.5,0.8,UTA,0.3,0.0,.000,0.5,0.0,.000,.000
0.6,26,0.2,2.0,2.9,0.9,.317,0.5,0.4,.818,21,0,11.0,Michael Kidd-Gilchrist,0.6,1.5,2.5,PF-SF,0.1,0.6,2.6,,1.0,0.2,.250,1.9,0.7,.350,.358
0.5,20,0.0,0.9,2.1,0.8,.381,0.3,0.0,.000,10,0,6.2,Louis King,0.1,1.0,2.0,SF,0.2,0.2,1.0,DET,1.1,0.4,.364,1.0,0.4,.400,.476
1.2,28,1.2,3.9,7.1,3.2,.459,1.2,1.0,.863,66,21,25.7,Maxi Kleber,1.5,2.3,9.2,C,0.3,0.7,5.4,DAL,4.3,1.6,.374,2.7,1.6,.594,.574
2.8,28,0.1,1.5,6.7,2.4,.353,1.4,0.8,.588,25,3,18.5,Brandon Knight,0.2,1.6,7.3,PG,0.4,1.5,1.6,,5.2,1.8,.344,1.4,0.6,.389,.488
0.9,20,0.4,2.4,6.2,2.2,.359,1.6,1.0,.653,65,4,17.9,Kevin Knox,0.4,1.6,6.4,SF,0.4,0.7,2.8,NYK,3.1,1.0,.327,3.1,1.2,.391,.440
1.4,23,0.2,1.9,2.3,1.5,.657,0.1,0.1,.500,15,0,11.1,John Konchar,1.2,0.5,3.4,SG,0.5,0.4,3.1,MEM,0.6,0.3,.444,1.7,1.3,.731,.714
1.1,22,0.2,2.1,8.0,3.5,.432,1.1,0.8,.736,64,12,21.8,Furkan Korkmaz,0.3,1.4,9.7,SG,0.6,0.8,2.3,PHI,5.0,2.0,.397,3.1,1.5,.487,.554
0.9,24,0.7,1.7,5.2,2.3,.439,0.8,0.6,.714,36,14,15.5,Luke Kornet,0.6,1.5,6.0,C,0.3,0.4,2.3,CHI,3.0,0.9,.287,2.2,1.4,.646,.521
1.2,38,0.2,1.8,5.2,2.2,.429,0.7,0.6,.824,50,0,16.7,Kyle Korver,0.3,1.4,6.7,SF,0.4,0.8,2.1,MIL,4.1,1.7,.415,1.0,0.5,.481,.595
0.8,21,0.1,2.0,3.4,1.5,.448,0.7,0.4,.607,39,4,12.8,Rodions Kurucs,0.5,1.7,4.2,PF,0.4,0.9,2.5,BRK,1.7,0.6,.385,1.8,0.9,.507,.541
1.3,24,0.4,3.6,10.9,4.7,.432,2.4,1.8,.738,54,7,24.6,Kyle Kuzma,0.9,2.0,12.5,PF,0.4,1.6,4.5,LAL,4.4,1.3,.297,6.5,3.4,.523,.491
1.3,23,0.9,3.2,4.5,2.5,.551,1.0,0.8,.758,33,1,17.2,Skal Labissière,2.0,2.7,5.8,C,0.2,0.9,5.1,POR,0.4,0.1,.231,4.1,2.4,.582,.561
2.1,27,0.5,3.8,10.4,4.7,.451,2.4,2.0,.836,46,42,28.1,Jeremy Lamb,0.5,2.3,12.5,SG,1.2,1.1,4.3,IND,3.4,1.2,.335,7.0,3.5,.508,.506
0.2,20,0.2,0.7,2.4,0.9,.375,0.9,0.6,.696,27,1,11.0,Romeo Langford,0.5,1.1,2.6,SG,0.3,0.3,1.2,BOS,0.9,0.2,.217,1.5,0.7,.463,.414
4.2,24,0.5,4.1,20.0,9.0,.450,5.6,4.5,.802,60,60,34.8,Zach LaVine,0.7,2.2,25.5,SG,1.5,3.4,4.8,CHI,8.1,3.1,.380,11.9,5.9,.497,.526
0.0,24,0.0,0.2,0.6,0.0,.000,0.4,0.0,.000,5,0,1.8,Vic Law,0.0,0.0,0.0,SF,0.0,0.0,0.2,ORL,0.2,0.0,.000,0.4,0.0,.000,.000
0.7,25,0.4,1.7,7.8,3.5,.453,1.4,1.0,.750,23,2,22.0,Jake Layman,0.7,2.0,9.1,PF,0.7,1.0,2.5,MIN,3.1,1.0,.333,4.7,2.5,.533,.520
0.2,22,0.1,1.7,2.8,1.2,.435,0.5,0.3,.583,25,1,7.7,T.J. Leaf,0.8,0.7,2.9,PF,0.3,0.3,2.6,IND,0.6,0.2,.357,2.2,1.0,.455,.471
0.5,19,0.0,0.0,2.5,1.0,.400,0.5,0.5,1.000,4,0,6.5,Jalen Lecque,0.0,0.5,2.5,PG,0.0,0.3,0.0,PHO,1.0,0.0,.000,1.5,1.0,.667,.400
0.5,34,0.3,1.0,3.4,1.7,.488,0.3,0.3,.857,24,9,14.4,Courtney Lee,0.3,1.4,4.5,SG,0.8,0.5,1.3,DAL,2.0,0.9,.447,1.5,0.8,.543,.616
2.7,27,0.1,4.2,10.4,4.3,.417,2.6,2.2,.873,49,36,29.0,Damion Lee,0.7,2.4,12.7,SG,1.0,1.4,4.9,GSW,4.9,1.7,.356,5.6,2.6,.471,.500
1.0,26,0.9,4.1,6.2,3.4,.556,1.9,1.2,.637,49,9,18.3,Alex Len,1.9,2.3,8.3,C,0.4,1.0,6.0,,1.1,0.3,.250,5.0,3.1,.626,.579
5.0,28,0.6,6.3,19.9,9.3,.469,6.9,6.1,.889,51,51,32.2,Kawhi Leonard,1.0,1.9,26.9,SF,1.8,2.7,7.3,LAC,5.7,2.1,.366,14.2,7.2,.510,.521
1.1,27,0.3,4.5,4.6,2.4,.520,0.5,0.3,.654,49,49,20.1,Meyers Leonard,0.6,2.1,6.1,C,0.3,0.7,5.1,MIA,2.4,1.0,.429,2.1,1.3,.625,.635
4.1,25,0.2,3.1,15.6,6.5,.414,4.1,3.0,.720,39,25,29.0,Caris LeVert,1.0,1.8,17.7,SG,1.1,2.5,4.1,BRK,4.8,1.8,.381,10.8,4.6,.429,.473
7.8,29,0.4,3.8,20.0,9.2,.457,7.6,6.7,.888,58,58,36.9,Damian Lillard,0.5,1.7,28.9,PG,1.0,2.9,4.3,POR,9.9,3.9,.394,10.2,5.3,.518,.554
0.5,19,0.3,1.6,3.1,1.4,.430,0.9,0.6,.636,48,5,11.9,Nassir Little,0.6,1.5,3.6,PF,0.3,0.3,2.3,POR,1.2,0.3,.237,1.9,1.1,.554,.477
1.0,23,0.3,1.9,4.0,1.5,.367,0.6,0.5,.750,20,4,13.1,Kevon Looney,1.4,1.7,3.4,C,0.6,0.6,3.3,GSW,0.7,0.1,.071,3.3,1.4,.431,.373
1.6,31,2.4,3.8,9.4,4.0,.427,2.0,1.6,.810,61,60,26.6,Brook Lopez,0.7,2.4,11.0,C,0.7,1.0,4.5,MIL,4.7,1.4,.296,4.7,2.6,.557,.501
0.7,31,0.7,1.6,4.6,2.3,.502,0.7,0.4,.535,60,4,14.4,Robin Lopez,0.9,1.3,5.5,C,0.2,0.9,2.4,MIL,1.6,0.6,.344,3.0,1.7,.588,.562
3.2,31,0.3,8.8,13.0,5.8,.450,3.9,3.3,.854,56,56,31.8,Kevin Love,1.0,1.6,17.6,PF,0.6,2.5,9.8,CLE,7.0,2.6,.374,6.0,3.2,.537,.550
7.7,33,0.4,4.3,14.3,5.9,.417,5.7,4.9,.861,52,52,36.6,Kyle Lowry,0.6,3.2,19.7,PG,1.3,3.0,4.8,TOR,8.3,2.9,.354,5.9,3.0,.505,.520
0.6,24,0.2,1.7,4.9,2.0,.406,1.6,1.3,.839,39,0,17.2,Timothé Luwawu-Cabarrot,0.6,2.1,6.3,SG,0.4,0.8,2.3,BRK,2.8,1.0,.358,2.1,1.0,.470,.508
1.1,24,0.4,4.6,5.4,2.4,.446,0.7,0.5,.733,63,53,20.2,Trey Lyles,1.1,1.6,6.4,PF,0.4,0.6,5.7,SAS,2.7,1.0,.387,2.8,1.4,.503,.541
0.3,24,0.0,0.0,0.8,0.3,.333,0.0,0.0,,4,0,3.5,Daryl Macon,0.0,0.3,0.8,SG,0.0,0.5,0.0,MIA,0.5,0.3,.500,0.3,0.0,.000,.500
0.0,24,0.0,0.0,0.0,0.0,,0.0,0.0,,1,0,1.0,J.P. Macura,0.0,0.0,0.0,SG,0.0,0.0,0.0,CLE,0.0,0.0,,0.0,0.0,,
0.6,30,0.1,0.6,1.9,0.6,.333,0.3,0.1,.500,8,0,4.8,Josh Magette,0.1,0.5,1.5,PG,0.4,0.6,0.8,ORL,0.5,0.1,.250,1.4,0.5,.364,.367
1.3,33,1.2,3.7,5.5,2.7,.495,3.0,1.8,.619,38,35,21.3,Ian Mahinmi,2.1,3.0,7.4,C,0.8,1.2,5.7,WAS,0.7,0.1,.192,4.8,2.6,.538,.507
0.7,22,0.7,1.9,3.2,1.6,.482,1.8,1.2,.664,60,14,12.9,Thon Maker,0.9,1.7,4.7,C,0.4,0.8,2.8,DET,1.1,0.4,.344,2.2,1.2,.550,.539
1.1,23,0.1,0.8,1.5,0.6,.407,0.3,0.3,.750,35,6,7.7,Terance Mann,0.1,1.0,1.6,SG,0.2,0.4,0.9,LAC,0.3,0.1,.250,1.2,0.5,.452,.435
0.4,31,0.2,2.7,4.7,2.6,.555,1.3,1.0,.766,37,2,9.1,Boban Marjanović,1.4,1.3,6.3,C,0.2,0.7,4.1,DAL,0.4,0.1,.267,4.3,2.5,.582,.566
1.5,22,0.5,5.1,11.8,5.0,.425,3.1,2.5,.824,50,50,29.8,Lauri Markkanen,1.2,1.9,14.7,PF,0.8,1.6,6.3,CHI,6.3,2.2,.344,5.5,2.8,.518,.517
1.3,24,0.4,1.6,4.7,2.1,.440,1.2,0.9,.810,18,1,17.6,Caleb Martin,0.6,1.8,6.2,SF,0.7,0.8,2.1,CHO,2.1,1.1,.541,2.6,0.9,.362,.560
2.0,24,0.2,2.5,4.3,1.9,.430,1.4,0.9,.646,48,3,18.8,Cody Martin,0.8,1.6,5.0,SF,0.8,0.9,3.3,CHO,1.6,0.4,.234,2.7,1.5,.546,.473
0.7,23,0.3,0.7,1.7,0.3,.200,0.0,0.0,,3,0,5.3,Jeremiah Martin,0.0,0.0,0.7,PG,0.3,0.0,0.7,BRK,0.3,0.0,.000,1.3,0.3,.250,.200
0.7,24,0.3,2.7,5.8,2.3,.392,1.0,1.0,.968,31,4,16.0,Kelan Martin,0.4,1.6,6.4,SF,0.2,0.6,3.1,MIN,3.1,0.8,.260,2.7,1.5,.541,.461
1.8,25,0.0,0.8,3.2,0.8,.263,0.7,0.3,.500,6,0,8.8,Frank Mason III,0.5,0.7,2.3,PG,0.3,1.0,1.3,MIL,1.7,0.3,.200,1.5,0.5,.333,.316
0.6,23,0.1,1.0,3.1,1.3,.429,1.9,1.7,.912,18,0,12.6,Garrison Mathews,0.3,1.8,5.4,SG,0.4,0.4,1.3,WAS,2.6,1.1,.413,0.6,0.3,.500,.598
1.5,33,0.1,2.2,6.5,2.6,.397,1.0,0.8,.762,62,62,24.7,Wesley Matthews,0.3,1.5,7.5,SG,0.6,0.7,2.6,MIL,4.5,1.6,.365,2.0,0.9,.468,.522
2.1,24,0.1,1.8,4.4,1.8,.414,0.5,0.4,.722,37,12,24.5,Patrick McCaw,0.5,1.6,4.6,SF,1.1,0.8,2.3,TOR,1.9,0.6,.324,2.5,1.2,.484,.485
4.3,28,0.6,3.4,19.5,8.9,.453,2.6,2.0,.750,62,62,36.0,CJ McCollum,0.7,2.6,22.5,SG,0.7,1.9,4.1,POR,7.4,2.8,.380,12.2,6.0,.497,.525
5.0,27,0.2,2.1,5.7,3.0,.517,0.6,0.5,.833,63,3,18.9,T.J. McConnell,0.5,1.1,6.5,PG,0.7,1.4,2.6,IND,0.2,0.1,.333,5.5,2.9,.524,.523
0.8,22,0.2,3.1,4.4,2.1,.471,1.1,0.9,.824,16,0,18.3,Jalen McDaniels,0.9,2.3,5.6,PF,0.5,0.7,4.1,CHO,1.5,0.6,.375,2.9,1.5,.522,.536
1.1,28,0.1,2.1,7.9,3.9,.491,0.8,0.7,.827,62,0,20.0,Doug McDermott,0.4,1.7,10.4,PF,0.1,0.6,2.5,IND,4.3,1.9,.445,3.6,2.0,.544,.611
0.6,32,1.5,4.0,4.6,3.0,.640,1.2,0.8,.653,61,61,16.8,JaVale McGee,1.8,2.4,6.8,C,0.5,0.8,5.8,LAL,0.1,0.0,.500,4.5,2.9,.643,.645
0.6,28,0.2,2.0,3.1,1.2,.391,0.6,0.3,.536,50,3,15.0,Rodney McGruder,0.5,1.3,3.2,SG,0.5,0.4,2.6,LAC,1.6,0.4,.278,1.5,0.8,.506,.462
0.4,27,0.2,1.9,4.3,1.8,.427,0.8,0.6,.710,40,1,14.8,Alfonzo McKinnie,0.9,1.8,4.6,SF,0.6,0.7,2.8,CLE,1.6,0.4,.215,2.7,1.5,.557,.468
4.2,23,0.1,1.4,5.9,2.9,.489,1.3,0.9,.667,30,2,19.7,Jordan McLaughlin,0.2,1.0,7.6,PG,1.1,1.0,1.6,MIN,2.5,1.0,.382,3.4,1.9,.569,.570
0.9,26,0.2,1.9,7.5,3.3,.445,1.0,0.7,.758,63,19,22.8,Ben McLemore,0.3,2.1,9.8,SG,0.6,0.7,2.2,HOU,6.2,2.4,.395,1.3,0.9,.688,.609
2.5,28,0.4,2.9,9.9,4.0,.407,2.9,2.2,.761,37,4,21.2,Jordan McRae,0.5,2.0,11.5,SG,0.6,1.2,3.4,,3.4,1.2,.357,6.5,2.8,.433,.469
1.3,29,0.4,2.3,5.3,2.4,.442,1.2,0.8,.733,52,6,17.1,Nicolò Melli,0.7,2.0,6.8,C,0.6,0.8,3.0,NOP,3.5,1.3,.361,1.9,1.1,.592,.559
3.0,21,0.3,3.0,6.8,2.8,.419,2.0,1.7,.821,52,8,19.4,De'Anthony Melton,0.7,1.8,8.1,PG,1.3,1.5,3.7,MEM,2.3,0.7,.316,4.5,2.1,.470,.472
0.4,22,0.3,1.0,2.2,1.3,.571,0.5,0.4,.750,16,0,4.6,Chimezie Metu,0.6,0.3,2.9,PF,0.1,0.3,1.6,SAS,0.1,0.0,.000,2.1,1.3,.588,.571
4.1,28,0.1,5.5,15.5,7.7,.499,3.6,3.2,.908,55,52,30.1,Khris Middleton,0.7,2.2,21.1,SF,0.9,2.1,6.2,MIL,5.8,2.4,.418,9.7,5.3,.547,.577
0.0,25,0.0,5.0,3.0,2.0,.667,2.0,2.0,1.000,1,0,19.0,Eric Mika,2.0,5.0,6.0,PF,0.0,0.0,7.0,SAC,0.0,0.0,,3.0,2.0,.667,.667
1.2,32,0.4,0.8,5.9,1.9,.322,2.0,1.5,.750,10,0,16.1,C.J. Miles,0.4,1.4,6.4,SG,1.0,0.4,1.2,WAS,3.5,1.1,.314,2.4,0.8,.333,.415
0.3,26,0.1,0.5,1.0,0.3,.333,0.2,0.0,.167,25,1,5.0,Malcolm Miller,0.0,0.5,0.9,SF,0.2,0.1,0.6,TOR,0.8,0.2,.316,0.2,0.1,.400,.458
1.8,31,0.1,1.3,9.1,3.9,.429,1.7,1.5,.861,63,1,22.7,Patty Mills,0.3,1.6,11.7,PG,0.8,0.8,1.6,SAS,6.2,2.3,.380,3.0,1.6,.529,.557
1.6,34,0.6,3.9,8.8,4.3,.486,2.9,2.4,.833,44,41,24.4,Paul Millsap,2.0,2.9,12.0,PF,0.9,1.4,5.9,DEN,2.5,1.1,.440,6.3,3.2,.504,.548
2.2,23,0.2,1.8,6.8,3.4,.498,1.6,1.2,.765,32,16,19.1,Shake Milton,0.3,2.2,9.5,SG,0.6,1.2,2.1,PHI,3.3,1.5,.453,3.5,1.9,.541,.608
4.2,23,0.2,3.7,19.6,8.9,.453,4.6,4.0,.859,63,63,34.4,Donovan Mitchell,0.7,2.4,24.2,SG,1.0,2.7,4.4,UTA,6.8,2.5,.364,12.8,6.4,.501,.517
2.3,26,0.3,2.0,5.3,2.0,.375,0.0,0.0,,3,0,14.3,Naz Mitrou-Long,0.0,0.3,4.7,SG,0.3,0.7,2.0,IND,3.7,0.7,.182,1.7,1.3,.800,.438
0.4,21,0.0,0.3,2.5,1.1,.429,0.4,0.2,.500,11,0,10.2,Adam Mokoka,0.6,1.5,2.9,SG,0.4,0.2,0.9,CHI,1.4,0.5,.400,1.2,0.5,.462,.536
2.1,21,0.3,2.4,8.9,3.9,.434,1.8,1.5,.820,55,1,21.3,Malik Monk,0.5,1.3,10.3,SG,0.5,1.4,2.9,CHO,3.7,1.1,.284,5.2,2.8,.542,.494
0.3,22,0.3,0.8,1.0,0.3,.250,0.0,0.0,,4,0,4.8,Matt Mooney,0.0,0.3,0.5,SG,0.5,0.0,0.8,CLE,0.5,0.0,.000,0.5,0.3,.500,.250
1.4,30,0.2,1.8,8.0,3.4,.424,0.8,0.6,.674,51,5,18.8,E'Twaun Moore,0.6,1.5,8.6,SG,0.5,0.7,2.4,NOP,3.1,1.2,.375,4.9,2.2,.456,.498
6.9,20,0.3,2.8,13.6,6.7,.491,4.5,3.5,.770,59,59,30.0,Ja Morant,0.7,1.5,17.6,PG,0.9,3.2,3.5,MEM,2.4,0.9,.367,11.2,5.8,.517,.523
0.1,22,0.1,0.9,1.1,0.6,.529,0.0,0.0,,16,0,4.6,Juwan Morgan,0.3,0.4,1.2,PF,0.0,0.2,1.2,UTA,0.3,0.1,.200,0.8,0.5,.667,.559
1.4,30,0.5,4.1,13.6,5.9,.433,3.8,3.1,.823,55,55,31.4,Marcus Morris,1.0,2.9,17.4,SF-PF,0.8,1.6,5.1,,5.9,2.4,.410,7.7,3.5,.451,.522
1.4,30,0.3,3.2,8.2,3.6,.445,1.6,1.3,.783,52,16,21.3,Markieff Morris,0.7,2.3,10.1,PF,0.5,1.4,3.8,,4.0,1.6,.386,4.1,2.1,.502,.540
3.5,24,0.2,1.4,7.4,3.4,.459,1.0,0.8,.823,65,8,21.6,Monte Morris,0.3,1.0,8.4,PG,0.8,0.7,1.7,DEN,2.2,0.8,.375,5.2,2.6,.494,.514
0.6,24,0.0,0.5,1.2,0.8,.733,0.5,0.4,.714,13,0,3.2,Johnathan Motley,0.2,0.5,2.2,PF,0.2,0.4,0.8,LAC,0.1,0.1,1.000,1.1,0.8,.714,.767
2.2,23,0.2,2.0,6.0,2.8,.471,1.4,1.1,.754,48,1,15.7,Emmanuel Mudiay,0.4,1.3,7.3,PG,0.4,1.4,2.4,UTA,1.6,0.6,.355,4.4,2.3,.512,.517
1.1,25,0.1,2.9,9.6,3.7,.388,1.7,1.3,.750,7,3,29.1,Mychal Mulder,0.4,2.9,11.0,SG,0.3,0.7,3.3,GSW,7.4,2.3,.308,2.1,1.4,.667,.507
4.1,23,0.3,4.6,9.3,4.4,.475,1.6,1.3,.798,58,50,24.9,Dejounte Murray,1.2,2.2,10.7,PG,1.7,1.9,5.8,SAS,1.6,0.6,.378,7.7,3.8,.494,.507
4.8,22,0.3,3.2,15.4,7.0,.455,3.2,2.9,.893,55,55,32.8,Jamal Murray,0.8,1.8,18.8,PG,1.2,2.3,3.9,DEN,5.5,1.9,.345,9.9,5.1,.517,.517
0.9,20,0.0,1.5,4.0,1.4,.360,1.3,0.9,.750,35,0,11.5,Džanan Musa,0.5,0.7,4.2,SF,0.4,0.8,2.0,BRK,1.9,0.4,.231,2.1,1.0,.473,.414
0.8,28,0.3,2.0,3.9,1.6,.403,0.5,0.4,.818,41,0,12.0,Mike Muscala,0.3,1.2,4.6,C,0.2,0.3,2.3,OKC,2.9,1.0,.358,1.0,0.5,.538,.538
1.9,22,0.1,1.6,7.2,3.0,.410,1.3,1.0,.814,56,27,22.6,Sviatoslav Mykhailiuk,0.3,1.6,9.0,SF,0.7,1.1,1.9,DET,5.1,2.1,.404,2.1,0.9,.425,.552
0.7,26,0.4,1.6,4.6,2.1,.455,1.3,1.0,.774,48,5,15.8,Abdel Nader,0.3,1.4,6.0,SF,0.4,0.8,1.9,OKC,2.2,0.8,.371,2.4,1.3,.530,.543
2.2,27,0.4,5.4,7.7,4.1,.531,1.3,0.9,.676,56,10,26.3,Larry Nance Jr.,1.9,1.6,10.1,C,1.0,1.1,7.3,CLE,2.8,1.0,.352,4.9,3.1,.636,.596
5.0,28,0.2,2.4,8.1,3.3,.412,2.8,2.3,.823,51,30,24.2,Shabazz Napier,0.5,1.8,10.3,PG,1.3,2.2,2.9,,4.4,1.4,.320,3.7,1.9,.518,.498
1.6,27,0.1,0.8,3.6,1.6,.451,0.6,0.5,.839,49,3,11.5,Raul Neto,0.2,0.9,4.3,PG,0.4,0.9,1.1,PHI,1.4,0.6,.394,2.1,1.0,.490,.531
0.0,22,0.0,0.0,2.0,0.0,.000,2.0,2.0,1.000,1,0,4.0,Malik Newman,0.0,0.0,2.0,SG,0.0,1.0,0.0,CLE,1.0,0.0,.000,1.0,0.0,.000,.000
0.6,26,0.1,1.7,4.6,2.1,.453,0.4,0.3,.864,58,0,13.3,Georges Niang,0.2,1.1,5.8,PF,0.2,0.4,1.9,UTA,3.2,1.3,.416,1.4,0.7,.538,.598
1.0,25,1.5,3.4,4.6,3.2,.685,1.8,1.4,.765,55,6,18.4,Nerlens Noel,1.5,2.6,7.7,C,1.0,1.0,4.9,OKC,0.1,0.0,.333,4.6,3.1,.689,.687
0.6,22,0.0,1.2,2.4,0.6,.250,0.2,0.2,1.000,5,0,8.2,Zach Norvell,0.0,0.8,2.0,SG,0.4,0.6,1.2,,1.6,0.6,.375,0.8,0.0,.000,.375
1.3,20,0.1,0.7,3.5,1.3,.358,1.1,1.1,.941,15,0,10.1,Jaylen Nowell,0.2,0.7,3.8,SG,0.2,0.2,0.9,MIN,1.7,0.2,.115,1.8,1.1,.593,.387
3.0,21,0.3,1.7,5.8,2.3,.393,1.0,0.9,.864,57,26,20.8,Frank Ntilikina,0.4,2.5,6.3,PG,0.9,1.2,2.1,NYK,2.4,0.8,.321,3.4,1.5,.444,.459
3.4,24,0.2,2.4,13.7,6.1,.448,1.5,1.2,.837,62,62,29.8,Kendrick Nunn,0.3,2.3,15.6,SG,0.8,1.6,2.7,MIA,5.8,2.1,.362,7.9,4.0,.512,.525
0.4,27,0.6,1.9,3.6,1.9,.521,1.4,0.9,.667,20,0,13.4,David Nwaba,0.4,1.6,5.2,SF,0.6,0.4,2.3,BRK,1.4,0.6,.429,2.2,1.3,.581,.606
2.5,26,0.4,5.0,5.0,2.2,.439,0.8,0.6,.735,64,55,29.1,Royce O'Neale,0.3,2.8,6.3,PF,0.7,0.8,5.3,UTA,3.3,1.3,.389,1.7,0.9,.536,.567
1.3,29,0.8,2.5,2.8,1.3,.486,0.7,0.4,.526,26,1,9.9,Kyle O'Quinn,1.2,1.3,3.3,C,0.2,0.7,3.8,PHI,0.9,0.3,.304,1.9,1.1,.571,.535
0.5,25,0.1,1.6,2.6,1.1,.409,0.5,0.4,.893,61,5,14.6,Semi Ojeleye,0.4,1.0,3.1,PF,0.3,0.2,2.0,BOS,1.6,0.6,.367,1.0,0.5,.475,.522
1.3,24,0.7,2.6,5.1,3.1,.611,2.1,1.3,.638,28,9,15.1,Jahlil Okafor,1.6,2.3,7.6,C,0.3,1.3,4.3,NOP,0.1,0.0,.500,5.1,3.1,.613,.615
2.1,22,0.1,1.3,3.4,1.3,.398,1.2,0.9,.687,54,3,13.1,Elie Okobo,0.3,1.0,4.0,PG,0.4,0.7,1.6,PHO,1.3,0.5,.352,2.0,0.9,.427,.467
1.6,21,0.4,2.9,6.4,2.7,.427,3.1,2.5,.796,62,28,25.0,Josh Okogie,1.4,2.2,8.6,SG,1.1,1.4,4.3,MIN,2.5,0.7,.266,3.9,2.1,.529,.479
0.2,20,0.2,0.8,1.0,0.6,.600,0.4,0.2,.500,5,0,5.2,KZ Okpala,0.2,0.4,1.4,SF,0.4,0.2,1.0,MIA,0.2,0.0,.000,0.8,0.6,.750,.600
3.0,27,0.2,2.6,12.4,4.8,.391,3.2,2.5,.780,13,10,25.9,Victor Oladipo,0.5,1.6,13.8,SG,0.8,2.2,3.2,IND,5.3,1.6,.304,7.1,3.2,.457,.457
1.6,28,0.3,3.8,5.4,2.6,.476,1.4,1.2,.854,59,6,18.5,Kelly Olynyk,0.6,2.4,7.7,C,0.6,1.1,4.4,MIA,3.1,1.4,.432,2.2,1.2,.538,.603
0.0,22,0.0,0.4,0.4,0.0,.000,0.0,0.0,,5,0,2.2,Miye Oni,0.0,0.0,0.0,SG,0.0,0.2,0.4,UTA,0.2,0.0,.000,0.2,0.0,.000,.000
2.4,24,0.2,3.0,9.4,4.1,.437,1.4,1.0,.670,65,65,29.4,Cedi Osman,0.6,2.5,11.0,SF,0.8,1.4,3.6,CLE,4.9,1.9,.383,4.4,2.2,.497,.538
1.5,24,0.7,5.3,14.8,6.7,.452,4.4,3.4,.780,56,55,34.5,Kelly Oubre Jr.,1.2,3.4,18.7,SF,1.3,1.5,6.4,PHO,5.5,1.9,.352,9.3,4.7,.511,.517
0.0,24,0.0,0.3,1.7,0.3,.200,0.7,0.7,1.000,3,0,5.0,Tariq Owens,0.7,0.3,1.3,PF,0.3,0.0,1.0,PHO,0.7,0.0,.000,1.0,0.3,.333,.200
2.7,33,0.0,0.7,7.3,3.7,.500,0.3,0.0,.000,3,0,14.7,Jeremy Pargo,0.3,2.7,8.3,PG,0.3,1.3,1.0,GSW,2.3,1.0,.429,5.0,2.7,.533,.568
1.8,24,0.5,4.3,12.1,6.0,.499,2.2,1.7,.743,33,23,25.8,Jabari Parker,1.6,2.8,14.7,PF,1.3,1.8,5.9,,3.5,0.9,.267,8.6,5.1,.594,.538
0.6,31,0.2,1.2,3.6,1.0,.278,0.0,0.0,,5,0,10.8,Chandler Parsons,0.2,0.6,2.8,SF,0.8,0.6,1.4,ATL,2.8,0.8,.286,0.8,0.2,.250,.389
2.1,23,0.2,3.2,10.7,5.3,.497,3.5,2.7,.774,60,26,27.6,Eric Paschall,1.4,2.1,14.0,PF,0.5,1.6,4.6,GSW,2.2,0.6,.287,8.5,4.7,.550,.526
0.7,24,0.5,2.5,4.4,2.3,.528,2.3,1.3,.593,24,0,16.9,Anžejs Pasečņiks,1.6,2.7,6.0,C,0.3,0.9,4.1,WAS,0.1,0.0,.000,4.3,2.3,.538,.528
0.6,30,0.1,1.8,3.7,1.5,.404,0.7,0.5,.794,51,18,11.9,Patrick Patterson,0.6,0.8,4.6,PF,0.1,0.4,2.4,LAC,2.8,1.1,.387,0.9,0.4,.457,.551
0.4,22,0.0,0.8,2.0,0.8,.400,0.0,0.0,,5,0,4.8,Justin Patton,0.2,0.8,1.8,C,0.0,0.4,1.0,OKC,0.8,0.2,.250,1.2,0.6,.500,.450
6.8,34,0.1,4.6,12.8,6.3,.489,4.0,3.6,.900,63,63,31.8,Chris Paul,0.3,2.2,17.7,PG,1.6,2.2,4.9,OKC,4.4,1.6,.362,8.3,4.7,.557,.552
7.2,25,0.4,3.6,9.8,4.3,.439,1.9,1.1,.570,45,36,27.7,Elfrid Payton,1.2,2.0,10.0,PG,1.6,2.1,4.7,NYK,1.5,0.3,.203,8.2,4.0,.482,.455
1.7,27,0.2,1.9,4.0,1.7,.414,0.3,0.1,.500,29,17,14.9,Gary Payton II,0.9,1.9,3.9,PG,1.1,0.7,2.8,WAS,1.6,0.4,.283,2.4,1.2,.500,.470
0.4,26,1.3,2.2,1.8,0.9,.514,0.6,0.3,.500,20,0,8.9,Norvel Pelle,0.8,2.0,2.1,C,0.1,0.7,3.0,PHI,0.0,0.0,,1.8,0.9,.514,.514
1.7,24,0.1,1.3,4.7,1.4,.290,0.5,0.5,.938,33,0,11.1,Theo Pinson,0.3,1.1,3.6,SG,0.5,1.0,1.6,BRK,2.4,0.5,.188,2.3,0.9,.400,.339
2.4,29,0.6,3.6,4.7,2.9,.617,2.6,1.4,.536,53,1,17.0,Mason Plumlee,1.7,2.4,7.2,C,0.5,1.4,5.3,DEN,0.1,0.0,.000,4.6,2.9,.627,.617
1.8,24,1.4,3.6,3.8,2.3,.619,1.3,0.6,.486,58,10,16.6,Jakob Poeltl,1.8,1.7,5.3,C,0.5,0.8,5.3,SAS,0.0,0.0,,3.8,2.3,.619,.619
0.3,26,0.3,1.1,1.6,0.8,.485,0.3,0.3,.857,21,0,5.4,Vincent Poirier,0.5,1.1,1.9,C,0.1,0.3,1.6,BOS,0.1,0.0,.500,1.5,0.7,.484,.500
0.5,21,0.3,0.3,1.3,0.8,.600,0.5,0.5,1.000,4,0,2.8,Shamorie Ponds,0.0,0.5,2.3,PG,0.0,0.0,0.3,TOR,0.5,0.3,.500,0.8,0.5,.667,.700
2.4,20,0.2,1.9,8.8,2.9,.333,2.1,1.7,.798,57,14,22.4,Jordan Poole,0.2,1.6,8.8,SG,0.6,1.3,2.1,GSW,4.6,1.3,.279,4.2,1.6,.392,.406
2.2,19,0.3,2.8,8.4,3.7,.442,2.0,1.5,.723,50,3,23.2,Kevin Porter Jr.,0.4,2.7,10.0,SF,0.9,1.9,3.2,CLE,3.2,1.1,.335,5.3,2.7,.506,.505
0.7,21,0.4,3.0,5.9,2.9,.495,0.9,0.7,.767,48,1,14.0,Michael Porter Jr.,1.1,1.6,7.5,PF,0.4,0.7,4.1,DEN,2.1,0.9,.422,3.8,2.0,.536,.570
1.8,26,0.4,2.5,10.0,4.4,.443,1.9,1.4,.704,14,9,23.6,Otto Porter,0.9,2.2,11.9,SF,1.1,0.8,3.4,CHI,4.4,1.7,.387,5.6,2.7,.487,.529
1.5,24,0.3,3.9,8.9,4.0,.450,1.4,1.1,.763,66,5,21.1,Bobby Portis,1.2,1.7,10.1,C,0.5,1.1,5.1,NYK,2.8,1.0,.358,6.1,3.0,.493,.507
1.7,24,2.1,7.7,15.8,6.6,.420,4.5,3.5,.776,51,51,31.3,Kristaps Porziņģis,1.7,3.1,19.2,PF,0.7,1.6,9.5,DAL,7.1,2.5,.349,8.8,4.2,.477,.498
1.5,28,0.6,3.8,5.7,3.7,.638,2.8,1.9,.667,40,37,26.5,Dwight Powell,1.9,2.6,9.4,C,0.9,0.9,5.7,DAL,1.0,0.3,.256,4.8,3.4,.716,.659
1.8,26,0.4,3.1,11.7,5.9,.502,3.0,2.5,.838,44,23,28.8,Norman Powell,0.5,2.1,16.4,SG,1.3,1.5,3.7,TOR,5.4,2.1,.398,6.4,3.8,.589,.593
1.7,26,0.0,0.7,1.3,0.0,.000,2.0,1.7,.833,3,0,13.3,Chasson Randle,0.0,1.0,1.7,PG,0.7,0.0,0.7,GSW,0.7,0.0,.000,0.7,0.0,.000,.000
3.1,25,0.3,7.4,15.7,7.2,.460,5.5,4.0,.733,64,64,32.5,Julius Randle,2.4,2.8,19.5,PF,0.8,3.0,9.7,NYK,3.6,1.0,.277,12.1,6.2,.515,.492
0.0,22,0.0,0.0,0.5,0.0,.000,0.0,0.0,,2,0,0.5,Josh Reaves,0.0,0.0,0.0,SG,0.0,0.0,0.0,DAL,0.0,0.0,,0.5,0.0,.000,.000
1.5,20,0.5,3.1,9.6,3.7,.384,2.2,1.7,.802,58,34,26.7,Cam Reddish,0.6,2.3,10.5,SF,1.1,1.7,3.7,ATL,4.3,1.4,.332,5.2,2.2,.428,.459
2.0,35,0.2,2.4,10.3,4.6,.450,3.0,2.7,.902,54,35,26.4,J.J. Redick,0.2,1.6,14.9,SG,0.4,1.2,2.6,NOP,6.4,2.9,.452,3.9,1.8,.446,.590
1.2,20,0.7,3.0,8.1,3.3,.412,1.8,1.2,.698,30,11,16.5,Naz Reid,1.1,2.8,9.0,C,0.6,0.7,4.1,MIN,3.2,1.1,.330,4.9,2.3,.466,.477
3.1,26,0.7,2.6,12.0,5.1,.429,2.7,2.1,.789,48,46,30.7,Josh Richardson,0.8,2.5,13.8,SG,0.9,1.9,3.4,PHI,4.5,1.5,.327,7.5,3.7,.489,.490
1.6,27,0.2,2.0,7.2,3.0,.421,1.5,1.0,.667,60,4,23.4,Austin Rivers,0.4,1.9,8.5,SG,0.7,0.6,2.4,HOU,3.9,1.4,.358,3.3,1.7,.495,.517
1.4,25,0.2,3.1,9.4,4.4,.467,0.8,0.7,.906,65,60,30.0,Duncan Robinson,0.1,2.8,13.3,SF,0.5,0.9,3.3,MIA,8.4,3.7,.448,1.1,0.7,.614,.665
1.6,26,0.3,3.0,9.6,4.7,.486,1.4,1.2,.867,60,52,29.1,Glenn Robinson III,1.3,1.6,11.8,SF,0.9,0.9,4.3,,3.2,1.2,.387,6.5,3.5,.535,.550
1.2,22,0.3,1.8,3.9,1.4,.347,0.5,0.4,.690,55,4,13.6,Jerome Robinson,0.2,1.5,3.7,SG,0.4,0.6,1.9,,1.9,0.6,.298,2.0,0.8,.393,.419
0.8,22,0.1,0.4,1.3,0.6,.417,0.0,0.0,,9,0,5.4,Justin Robinson,0.1,0.2,1.4,PG,0.0,0.3,0.6,WAS,0.6,0.3,.600,0.8,0.2,.286,.542
0.6,21,2.0,4.0,5.6,4.1,.742,2.4,1.4,.568,61,7,23.1,Mitchell Robinson,3.0,3.2,9.7,C,0.9,0.6,7.0,NYK,0.0,0.0,,5.6,4.1,.742,.742
0.0,21,0.0,0.7,0.3,0.0,.000,0.0,0.0,,3,0,3.7,Isaiah Roby,0.0,0.3,0.0,SF,0.0,0.3,0.7,OKC,0.0,0.0,,0.3,0.0,.000,.000
5.0,33,0.0,2.5,6.8,2.9,.418,0.9,0.6,.659,48,3,20.5,Rajon Rondo,0.5,1.2,7.1,PG,0.8,1.9,3.0,LAL,2.6,0.9,.328,4.2,2.0,.473,.480
5.6,31,0.3,1.9,15.1,7.4,.490,2.8,2.4,.871,50,15,26.0,Derrick Rose,0.5,1.0,18.1,PG,0.8,2.5,2.4,DET,2.9,0.9,.306,12.1,6.5,.535,.520
1.2,28,0.3,3.0,12.3,5.0,.407,2.6,2.2,.845,63,0,27.3,Terrence Ross,0.2,1.5,14.8,SG,1.1,1.0,3.2,ORL,7.2,2.6,.357,5.1,2.4,.477,.511
4.1,25,0.2,3.6,14.9,6.3,.423,3.0,2.6,.874,63,63,34.3,Terry Rozier,0.8,2.0,18.0,PG,1.0,2.2,4.4,CHO,6.7,2.7,.407,8.2,3.6,.436,.514
8.9,29,0.2,3.9,10.7,4.4,.412,3.6,3.1,.853,57,57,31.6,Ricky Rubio,0.7,2.5,13.1,PG,1.5,2.7,4.6,PHO,3.3,1.2,.351,7.4,3.3,.440,.466
6.3,23,0.3,3.6,18.8,8.0,.426,4.4,3.6,.809,45,45,32.3,D'Angelo Russell,0.4,1.9,23.1,PG,1.1,3.3,3.9,,9.6,3.5,.367,9.2,4.5,.487,.519
5.0,23,0.5,9.4,13.7,7.4,.540,4.8,3.5,.723,62,62,34.8,Domantas Sabonis,3.0,3.1,18.5,C,0.8,2.7,12.4,IND,1.1,0.3,.254,12.6,7.1,.565,.550
3.0,20,0.0,2.0,4.0,0.0,.000,0.0,0.0,,1,0,12.0,Luka Šamanić,0.0,0.0,0.0,PF,0.0,0.0,2.0,SAS,2.0,0.0,.000,2.0,0.0,.000,.000
0.3,26,0.3,1.7,3.1,1.8,.593,0.8,0.4,.550,26,10,13.1,JaKarr Sampson,0.6,1.7,4.2,SF,0.3,0.3,2.3,IND,0.5,0.1,.154,2.6,1.8,.676,.605
1.9,25,0.3,4.4,8.1,3.7,.462,1.6,1.4,.832,58,50,24.8,Dario Šarić,1.5,2.3,10.1,PF,0.6,1.2,5.9,PHO,3.7,1.3,.341,4.4,2.5,.563,.539
5.4,28,0.1,2.7,8.5,3.6,.430,1.9,1.6,.876,65,64,28.9,Tomáš Satoranský,1.2,2.1,9.9,PG,1.2,2.0,3.9,CHI,3.1,1.0,.322,5.4,2.7,.491,.488
0.5,22,0.1,1.0,2.8,1.1,.400,0.5,0.3,.692,27,2,10.9,Admiral Schofield,0.2,1.5,3.1,SF,0.3,0.3,1.3,WAS,1.7,0.5,.298,1.0,0.6,.571,.493
4.1,26,0.2,3.4,15.0,7.0,.468,3.7,3.1,.839,63,1,31.0,Dennis Schröder,0.3,2.2,19.0,PG,0.7,2.5,3.7,OKC,5.1,1.9,.381,9.9,5.1,.512,.532
0.8,31,0.1,2.7,5.1,2.1,.408,0.5,0.4,.833,63,10,17.8,Mike Scott,0.9,1.3,5.7,PF,0.3,0.4,3.6,PHI,3.2,1.2,.358,1.8,0.9,.496,.522
0.6,35,0.3,1.8,2.2,0.9,.407,0.2,0.1,.375,41,0,10.6,Thabo Sefolosha,0.5,1.0,2.2,PF,0.6,0.4,2.3,HOU,1.3,0.4,.278,0.9,0.5,.595,.489
3.0,21,0.1,2.2,16.7,7.9,.472,4.1,3.5,.846,65,65,33.0,Collin Sexton,0.9,2.2,20.8,SG,1.0,2.4,3.1,CLE,3.9,1.5,.380,12.8,6.4,.501,.517
1.9,22,0.2,1.8,7.5,3.1,.416,1.3,1.2,.905,47,27,27.5,Landry Shamet,0.1,2.8,9.7,SG,0.4,0.8,1.9,LAC,5.7,2.2,.392,1.8,0.9,.494,.566
0.5,24,0.0,1.5,2.5,0.5,.200,0.0,0.0,,2,0,5.0,Marial Shayok,0.0,0.0,1.5,SG,0.0,0.5,1.5,PHI,1.5,0.5,.333,1.0,0.0,.000,.300
0.9,29,0.2,1.9,4.9,1.6,.328,0.5,0.3,.571,13,0,18.5,Iman Shumpert,0.7,1.6,4.2,SG,0.9,0.8,2.6,BRK,2.5,0.6,.242,2.4,1.0,.419,.391
3.6,25,0.9,6.5,18.9,8.7,.459,5.2,4.2,.800,53,53,35.5,Pascal Siakam,1.1,2.8,23.6,PF,1.0,2.5,7.5,TOR,6.0,2.2,.359,12.8,6.5,.506,.517
0.5,23,0.4,1.3,1.7,1.0,.623,1.2,0.8,.694,41,0,7.5,Chris Silva,1.3,2.0,2.9,PF,0.2,0.8,2.7,MIA,0.0,0.0,.000,1.6,1.0,.642,.623
8.2,23,0.6,5.8,11.4,6.7,.585,5.3,3.3,.627,54,54,35.7,Ben Simmons,2.0,3.2,16.7,PG,2.1,3.6,7.8,PHI,0.1,0.0,.333,11.3,6.6,.588,.587
1.5,20,0.2,1.9,8.1,3.2,.402,1.4,1.2,.826,65,4,21.5,Anfernee Simons,0.4,2.0,8.8,SG,0.4,0.9,2.3,POR,3.4,1.1,.338,4.7,2.1,.448,.472
0.9,19,0.3,1.2,2.9,1.4,.500,1.4,1.1,.842,14,0,9.9,Alen Smailagić,0.7,1.0,4.2,PF,0.2,0.8,1.9,GSW,0.9,0.2,.231,1.9,1.2,.630,.538
4.8,25,0.5,3.1,11.9,4.5,.380,2.4,2.0,.835,53,39,32.5,Marcus Smart,0.8,2.7,13.5,SG,1.6,1.7,3.8,BOS,6.9,2.4,.348,5.0,2.1,.424,.481
2.9,22,0.2,1.7,6.2,2.1,.341,1.6,0.8,.509,34,3,15.8,Dennis Smith Jr.,0.6,1.9,5.5,PG,0.8,1.7,2.3,NYK,1.6,0.5,.296,4.6,1.6,.357,.379
4.8,31,0.4,2.7,9.7,4.4,.451,1.2,0.8,.686,60,19,26.2,Ish Smith,0.5,1.4,10.5,PG,0.9,1.3,3.2,WAS,2.5,0.9,.367,7.2,3.5,.480,.498
0.3,20,0.0,0.3,1.6,0.4,.273,0.6,0.3,.500,7,0,4.6,Zhaire Smith,0.0,0.6,1.1,SG,0.4,0.3,0.3,PHI,0.4,0.0,.000,1.1,0.4,.375,.273
2.2,28,0.3,1.7,6.5,2.9,.445,0.5,0.5,1.000,59,57,27.8,Tony Snell,0.2,1.7,8.0,SF,0.5,0.5,1.9,DET,4.3,1.7,.402,2.2,1.2,.531,.579
1.0,22,0.5,2.9,6.0,2.6,.431,1.9,1.5,.793,49,3,18.1,Omari Spellman,1.6,1.3,7.6,PF,0.7,1.1,4.5,GSW,2.2,0.9,.391,3.8,1.7,.454,.503
0.0,23,0.0,0.0,1.5,1.0,.667,0.5,0.5,1.000,2,0,3.0,Max Strus,0.5,0.5,2.5,SG,0.0,0.0,0.5,CHI,0.5,0.0,.000,1.0,1.0,1.000,.667
1.6,24,0.3,1.1,4.4,1.9,.423,0.6,0.4,.667,25,2,13.8,Edmond Sumner,0.4,1.4,4.6,PG,0.6,0.8,1.5,IND,1.5,0.4,.263,2.9,1.5,.507,.468
1.1,22,0.3,2.7,1.7,1.0,.596,0.6,0.3,.529,27,1,10.7,Caleb Swanigan,1.0,2.3,2.4,PF,0.1,1.4,3.7,,0.1,0.0,.000,1.7,1.0,.622,.596
2.9,21,0.9,6.1,18.9,8.5,.448,4.7,3.8,.806,59,59,34.6,Jayson Tatum,1.0,2.1,23.6,PF,1.4,2.2,7.1,BOS,7.1,2.8,.398,11.7,5.6,.479,.523
5.2,31,0.3,1.9,8.3,3.6,.436,3.3,2.9,.873,59,17,24.8,Jeff Teague,0.5,1.8,10.9,PG,0.7,2.0,2.4,,2.0,0.7,.368,6.3,2.9,.457,.480
2.6,33,0.5,2.9,9.5,3.6,.378,1.3,1.0,.767,55,31,28.1,Garrett Temple,0.5,1.7,10.3,SG,0.8,1.0,3.5,BRK,6.3,2.0,.324,3.2,1.6,.483,.485
1.6,27,1.3,4.3,6.6,3.7,.565,1.8,1.4,.764,58,57,23.8,Daniel Theis,2.2,3.5,9.3,C,0.6,0.8,6.6,BOS,1.4,0.4,.321,5.2,3.3,.631,.599
3.7,30,0.2,1.4,10.7,4.4,.408,1.9,1.6,.816,40,37,23.1,Isaiah Thomas,0.3,1.9,12.2,PG,0.3,1.9,1.7,WAS,4.7,2.0,.413,5.9,2.4,.405,.500
0.4,23,0.0,0.0,2.1,0.6,.294,0.5,0.3,.500,8,0,7.6,Khyri Thomas,0.1,1.1,2.1,SG,0.4,0.4,0.1,DET,1.8,0.6,.357,0.4,0.0,.000,.441
0.5,25,0.0,1.2,3.4,1.6,.486,0.3,0.2,.700,33,0,9.7,Matt Thomas,0.2,0.9,4.5,SG,0.2,0.4,1.5,TOR,2.3,1.1,.467,1.1,0.6,.528,.644
2.1,28,0.9,6.2,9.9,5.1,.512,2.8,1.7,.615,57,51,30.2,Tristan Thompson,4.0,2.2,12.0,C,0.6,1.8,10.1,CLE,0.4,0.2,.391,9.5,4.9,.518,.520
1.2,22,0.7,0.9,4.1,1.7,.410,0.7,0.4,.610,57,13,19.5,Matisse Thybulle,0.6,2.1,4.7,SG,1.4,0.8,1.5,PHI,2.5,0.9,.352,1.6,0.8,.500,.517
0.7,34,0.2,2.2,3.3,1.1,.348,0.5,0.4,.720,47,9,15.6,Anthony Tolliver,0.6,1.4,3.5,PF,0.3,0.6,2.8,,2.6,0.8,.322,0.7,0.3,.441,.474
2.0,26,0.4,3.3,4.8,2.2,.460,0.4,0.2,.600,13,6,20.9,Juan Toscano-Anderson,0.7,2.3,5.3,SF,1.0,1.2,4.0,GSW,1.8,0.6,.348,3.1,1.6,.525,.524
4.4,24,1.2,8.1,17.8,9.0,.508,6.5,5.1,.796,35,35,33.9,Karl-Anthony Towns,2.7,3.3,26.5,C,0.9,3.1,10.8,MIN,7.9,3.3,.412,9.9,5.8,.586,.600
0.9,21,0.2,1.3,6.6,2.8,.426,0.7,0.6,.833,53,8,20.0,Gary Trent Jr.,0.4,1.3,7.7,SG,0.7,0.4,1.7,POR,3.8,1.5,.388,2.8,1.3,.477,.537
1.2,24,0.2,1.0,4.4,2.1,.481,1.8,1.4,.791,24,1,12.1,Allonzo Trier,0.3,1.2,6.5,PG,0.1,0.9,1.2,NYK,2.2,0.8,.358,2.2,1.3,.604,.571
1.6,34,0.5,5.3,5.8,2.5,.433,0.7,0.6,.841,64,64,34.4,P.J. Tucker,1.6,3.3,7.1,PF,1.1,1.0,6.9,HOU,4.0,1.5,.370,1.8,1.0,.573,.560
0.1,22,0.0,0.8,1.4,0.6,.421,0.4,0.2,.600,14,0,5.6,Rayjon Tucker,0.1,0.5,1.4,SG,0.1,0.2,0.9,UTA,0.4,0.0,.000,0.9,0.6,.615,.421
2.0,31,0.4,1.6,3.5,1.3,.373,0.7,0.6,.857,19,0,13.2,Evan Turner,0.4,1.1,3.3,PG,0.5,1.4,2.0,ATL,0.3,0.0,.000,3.3,1.3,.403,.373
1.1,23,2.2,5.3,9.4,4.2,.451,2.6,2.0,.750,55,55,29.6,Myles Turner,1.3,2.5,11.8,C,0.8,1.2,6.5,IND,4.2,1.4,.336,5.2,2.8,.542,.525
0.0,26,0.0,0.0,1.8,0.3,.143,0.5,0.5,1.000,4,0,3.5,Jarrod Uthoff,0.3,0.3,1.0,SF,0.3,0.0,0.3,MEM,1.0,0.0,.000,0.8,0.3,.333,.143
1.8,27,1.1,8.2,10.6,6.2,.586,2.7,2.0,.732,62,62,26.3,Jonas Valančiūnas,3.1,2.6,14.9,C,0.4,1.7,11.2,MEM,1.3,0.5,.367,9.3,5.7,.616,.608
1.2,26,0.2,1.8,6.6,2.7,.409,0.2,0.2,.750,36,5,13.6,Denzel Valentine,0.3,1.4,6.8,SF,0.7,0.7,2.1,CHI,3.8,1.3,.336,2.8,1.4,.510,.506
0.2,20,0.1,0.5,0.7,0.5,.625,0.2,0.2,1.000,11,0,4.2,Jarred Vanderbilt,0.3,0.5,1.1,SF-PF,0.3,0.6,0.8,,0.1,0.0,.000,0.6,0.5,.714,.625
6.6,25,0.3,3.4,14.6,6.0,.409,3.5,2.9,.843,48,48,35.8,Fred VanVleet,0.4,2.5,17.6,PG,1.9,2.3,3.8,TOR,7.0,2.7,.388,7.6,3.3,.430,.503
0.5,23,0.0,0.5,3.2,0.7,.211,0.0,0.0,,6,0,7.0,Gabe Vincent,0.0,0.3,2.0,PG,0.2,0.0,0.5,MIA,2.7,0.7,.250,0.5,0.0,.000,.316
0.8,24,0.2,2.6,2.7,1.5,.562,0.9,0.7,.800,33,1,11.0,Noah Vonleh,1.1,1.2,3.8,C-PF,0.3,0.6,3.7,,0.5,0.1,.200,2.2,1.4,.635,.579
3.7,29,0.9,8.6,16.9,7.9,.470,2.7,2.1,.781,54,54,32.6,Nikola Vučević,2.4,2.2,19.5,C,0.9,1.4,11.0,ORL,4.6,1.5,.329,12.2,6.4,.523,.515
0.2,23,0.3,1.3,1.1,0.8,.692,0.1,0.0,.000,12,0,5.9,Dean Wade,0.3,0.7,1.7,PF,0.2,0.3,1.6,CLE,0.3,0.2,.500,0.8,0.6,.778,.769
1.3,22,0.5,3.8,6.2,3.5,.575,2.2,1.8,.817,37,5,19.1,Moritz Wagner,1.4,3.6,9.5,C,0.6,1.5,5.2,WAS,1.8,0.6,.343,4.4,2.9,.671,.625
1.0,28,0.7,3.7,8.7,3.3,.385,0.3,0.0,.000,3,0,14.0,Dion Waiters,0.0,1.7,9.3,SG,0.0,1.0,3.7,MIA,5.7,2.7,.471,3.0,0.7,.222,.538
4.9,29,0.5,3.4,16.6,7.0,.421,4.5,3.9,.867,50,50,31.8,Kemba Walker,0.7,1.5,21.2,PG,0.9,2.1,4.1,BOS,8.8,3.3,.377,7.9,3.7,.470,.520
0.9,21,0.2,1.8,5.0,2.2,.434,1.0,0.7,.717,53,4,14.5,Lonnie Walker,0.4,1.3,5.6,SG,0.5,0.6,2.2,SAS,1.3,0.5,.408,3.7,1.6,.444,.489
0.9,25,0.1,1.4,3.1,1.0,.318,1.2,0.8,.647,14,0,11.4,Tyrone Wallace,0.2,1.4,2.9,SG,0.5,0.7,1.6,ATL,1.1,0.1,.067,2.1,0.9,.448,.330
1.8,25,0.4,5.2,11.5,4.3,.376,1.4,1.1,.798,64,61,29.0,Taurean Prince,0.8,2.5,12.1,SF,0.9,2.0,6.0,BRK,6.7,2.3,.339,4.8,2.1,.429,.475
1.0,24,0.0,0.5,1.5,0.7,.462,0.3,0.3,.778,26,1,9.5,Derrick Walton,0.1,0.8,2.0,PG,0.3,0.2,0.6,,0.9,0.4,.417,0.6,0.3,.533,.590
2.5,30,0.2,1.7,5.0,2.2,.428,1.8,1.7,.931,63,1,19.3,Brad Wanamaker,0.3,1.9,6.6,PG,0.8,1.1,2.0,BOS,1.4,0.5,.367,3.6,1.6,.452,.480
1.4,26,0.4,3.0,14.2,7.5,.529,3.0,2.5,.812,61,61,32.5,T.J. Warren,1.0,2.8,18.7,SF,1.1,1.3,4.0,IND,3.0,1.1,.375,11.2,6.4,.571,.569
2.1,21,0.8,4.4,10.2,4.6,.455,2.3,1.5,.647,58,57,30.3,P.J. Washington,1.0,2.7,12.2,PF,0.9,1.6,5.4,CHO,4.0,1.5,.374,6.2,3.1,.507,.528
0.3,25,0.1,0.7,1.8,0.8,.414,0.5,0.2,.375,16,0,6.2,Yuta Watanabe,0.4,0.6,1.9,SG,0.3,0.1,1.1,MEM,0.5,0.2,.375,1.3,0.6,.429,.466
1.2,22,0.2,0.9,3.5,1.2,.343,0.6,0.6,1.000,10,0,8.9,Tremont Waters,0.0,1.1,3.3,PG,0.5,1.0,0.9,BOS,1.7,0.3,.176,1.8,0.9,.500,.386
1.0,25,0.2,0.8,1.6,0.0,.000,0.4,0.2,.500,5,0,5.0,Paul Watson,0.0,0.2,0.2,SF-SG,0.2,0.0,0.8,,0.8,0.0,.000,0.8,0.0,.000,.000
0.3,23,0.0,0.3,1.0,0.0,.000,0.0,0.0,,3,0,5.0,Quinndary Weatherspoon,0.0,0.0,0.0,SG,0.0,0.0,0.3,SAS,0.3,0.0,.000,0.7,0.0,.000,.000
7.0,31,0.3,6.3,22.6,10.7,.474,6.5,5.1,.777,53,53,35.9,Russell Westbrook,1.8,3.5,27.5,PG,1.7,4.5,8.0,HOU,3.8,1.0,.254,18.8,9.8,.518,.495
2.7,19,0.1,3.1,12.2,4.8,.394,2.0,1.6,.791,65,1,25.8,Coby White,0.4,1.8,13.2,SG,0.8,1.7,3.5,CHI,5.8,2.0,.354,6.4,2.8,.430,.478
3.4,25,0.9,2.7,7.6,3.5,.459,2.9,2.5,.857,61,13,24.1,Derrick White,0.5,2.2,10.4,SG,0.6,1.2,3.2,SAS,2.6,0.9,.356,5.0,2.6,.513,.520
1.2,30,3.1,10.2,11.1,6.9,.618,3.7,2.5,.680,61,61,31.3,Hassan Whiteside,4.0,2.9,16.3,C,0.4,1.9,14.2,POR,0.1,0.1,.571,11.0,6.8,.619,.621
3.7,24,1.0,3.9,18.1,8.1,.447,5.0,3.5,.709,54,54,34.4,Andrew Wiggins,1.2,2.4,21.8,SF-SG,0.8,2.4,5.1,,6.2,2.1,.332,11.9,6.0,.506,.504
1.0,21,0.5,1.7,3.1,1.3,.417,0.8,0.6,.725,62,5,15.6,Grant Williams,0.9,2.4,3.5,PF,0.5,0.7,2.7,BOS,1.4,0.3,.247,1.7,1.0,.551,.471
0.5,24,0.5,2.5,2.3,1.5,.640,0.5,0.3,.600,11,5,12.3,Johnathan Williams,1.4,1.0,3.2,C,0.1,0.4,3.9,WAS,0.2,0.0,.000,2.1,1.5,.696,.640
1.5,25,0.6,3.7,4.1,1.4,.343,0.7,0.3,.375,35,18,22.3,Kenrich Williams,1.4,2.3,3.8,PF,0.7,0.6,5.1,NOP,2.7,0.7,.260,1.3,0.7,.511,.430
5.7,33,0.2,2.6,14.7,6.1,.416,5.4,4.6,.863,60,8,29.3,Lou Williams,0.5,1.3,18.7,SG,0.7,2.9,3.1,LAC,4.9,1.8,.363,9.8,4.3,.442,.476
1.1,33,0.5,2.5,4.8,2.1,.442,1.0,0.9,.870,52,1,19.4,Marvin Williams,0.4,1.8,6.1,PF,0.7,0.5,2.8,,2.8,1.0,.361,2.0,1.1,.552,.546
1.0,22,1.2,3.2,2.7,1.8,.677,1.1,0.6,.560,23,1,14.0,Robert Williams,1.5,1.7,4.3,C,0.9,0.9,4.7,BOS,0.0,0.0,,2.7,1.8,.677,.677
0.6,25,0.1,0.3,0.8,0.1,.143,0.2,0.2,1.000,9,0,3.1,Nigel Williams-Goss,0.2,0.2,0.4,PG,0.1,0.2,0.6,UTA,0.2,0.0,.000,0.6,0.1,.200,.143
2.2,19,0.5,3.9,15.4,9.1,.589,8.0,5.2,.645,19,19,29.7,Zion Williamson,2.9,1.7,23.6,PF,0.8,2.7,6.8,NOP,0.7,0.3,.462,14.7,8.7,.595,.599
0.7,23,0.2,1.9,3.3,1.3,.396,0.3,0.2,.667,31,0,9.0,D.J. Wilson,0.3,0.8,3.2,PF,0.1,0.5,2.2,MIL,1.8,0.5,.255,1.5,0.8,.565,.465
4.0,23,0.5,5.2,11.7,4.5,.388,2.5,1.6,.667,11,5,32.0,Justise Winslow,1.5,3.5,11.3,SF,0.6,2.2,6.6,MIA,2.5,0.5,.222,9.3,4.0,.431,.411
1.0,24,0.9,4.6,8.2,4.6,.567,3.9,2.9,.744,62,12,21.4,Christian Wood,1.7,1.6,13.1,PF,0.5,1.4,6.3,DET,2.3,0.9,.386,5.9,3.8,.636,.620
3.4,27,0.3,3.0,5.9,2.8,.470,1.4,1.1,.789,65,5,21.7,Delon Wright,1.0,1.3,7.3,SG,1.2,1.0,4.0,DAL,1.8,0.7,.385,4.1,2.1,.508,.529
0.0,22,0.0,0.0,0.0,0.0,,0.0,0.0,,1,0,2.0,Justin Wright-Foreman,0.0,0.0,0.0,PG,0.0,0.0,0.0,UTA,0.0,0.0,,0.0,0.0,,
1.8,31,0.4,3.5,9.4,4.2,.448,1.1,0.7,.583,64,16,24.9,Thaddeus Young,1.5,2.1,10.3,PF,1.4,1.6,4.9,CHI,3.5,1.2,.356,5.9,3.0,.501,.513
9.3,21,0.1,3.7,20.8,9.1,.437,9.3,8.0,.860,60,60,35.3,Trae Young,0.5,1.7,29.6,PG,1.1,4.8,4.3,ATL,9.5,3.4,.361,11.4,5.7,.501,.519
1.5,27,0.4,4.3,8.3,4.3,.524,3.1,2.1,.682,58,39,23.1,Cody Zeller,2.8,2.4,11.1,C,0.7,1.3,7.1,CHO,1.3,0.3,.240,7.0,4.0,.577,.543
0.3,23,0.2,2.2,3.3,1.9,.569,0.9,0.6,.737,22,0,10.0,Ante Žižić,0.8,1.2,4.4,C,0.3,0.5,3.0,CLE,0.0,0.0,,3.3,1.9,.569,.569
1.1,22,0.9,4.6,5.3,3.2,.601,2.2,1.7,.759,64,62,18.1,Ivica Zubac,2.6,2.3,8.0,C,0.2,0.8,7.2,LAC,0.0,0.0,.000,5.2,3.2,.605,.601
